
> streamium@0.0.1 build
> vite build

`config.kit.csrf.checkOrigin` has been deprecated in favour of `csrf.trustedOrigins`. It will be removed in a future version
The following Vite config options will be overridden by SvelteKit:
  - build.cssCodeSplit
[36mvite v7.3.6 [32mbuilding ssr environment for production...[36m[39m
transforming...
08:57:47 [vite-plugin-svelte] src/routes/+layout.svelte:19:0 Using `<slot>` to render parent content is deprecated. Use `{@render ...}` tags instead
https://svelte.dev/e/slot_element_deprecated
17: </script>
18: 
19: <slot />
            ^
20: 
08:57:47 [vite-plugin-svelte] src/routes/(app)/search/+page.svelte:13:20 This reference only captures the initial value of `ssrQuery`. Did you mean to reference it inside a closure instead?
https://svelte.dev/e/state_referenced_locally
11:   const ssrItems = $derived(data.ssrItems || []);
12: 
13:   let query = $state(ssrQuery);
                                 ^
14:   let results = $state<any[]>(ssrItems);
15:   let isLoading = $state(false);
08:57:47 [vite-plugin-svelte] src/routes/(app)/search/+page.svelte:14:29 This reference only captures the initial value of `ssrItems`. Did you mean to reference it inside a closure instead?
https://svelte.dev/e/state_referenced_locally
12: 
13:   let query = $state(ssrQuery);
14:   let results = $state<any[]>(ssrItems);
                                          ^
15:   let isLoading = $state(false);
16:   let hasSearched = $state(ssrQuery.length >= 2);
08:57:47 [vite-plugin-svelte] src/routes/(app)/search/+page.svelte:16:26 This reference only captures the initial value of `ssrQuery`. Did you mean to reference it inside a derived instead?
https://svelte.dev/e/state_referenced_locally
14:   let results = $state<any[]>(ssrItems);
15:   let isLoading = $state(false);
16:   let hasSearched = $state(ssrQuery.length >= 2);
                                       ^
17:   let error = $state('');
18:   let searchTimeout: ReturnType<typeof setTimeout>;
08:57:47 [vite-plugin-svelte] src/routes/(app)/search/+page.svelte:39:19 This reference only captures the initial value of `hasSearched`. Did you mean to reference it inside a closure instead?
https://svelte.dev/e/state_referenced_locally
37:     }
38:     const urlQuery = new URL(window.location.href).searchParams.get('q');
39:     if (urlQuery && !hasSearched) {
                                    ^
40:       query = urlQuery;
41:       performSearch(urlQuery);
08:57:47 [vite-plugin-svelte] src/routes/(app)/search/+page.svelte:157:4 Avoid using autofocus
https://svelte.dev/e/a11y_autofocus
155:         onkeydown={handleKeydown}
156:         placeholder="Search movies and TV shows..."
157:         autofocus
                      ^
158:         class="w-full rounded-2xl border border-zinc-700/50 bg-zinc-900/80 py-4 pl-12 pr-12 text-lg text-white placeholder-zinc-500 transition-all focus:border-indigo-500/50 focus:outline-none focus:ring-2 focus:ring-indigo-500/20"
159:       />
Found 1 warning while optimizing generated CSS:

Γöé   padding-right: var(--safe-area-right);
Γöé }
Γöé @import url('https://fonts.googleapis.com/css2?family=Inter:wght@400;500;600;700;800;900&display=swap');
Γöå        ^-- @import rules must precede all rules aside from @charset and @layer statements
Γöå
Γöé :root {
Γöé   --radius: 0.75rem;

08:58:04 [vite-plugin-svelte] src/lib/components/ui/tabs/tabs-trigger.svelte:9:24 This reference only captures the initial value of `restProps`. Did you mean to reference it inside a closure instead?
https://svelte.dev/e/state_referenced_locally
 7: 
 8:   let { value, class: className = undefined, ...restProps } = $props();
 9:   const forwardedProps = restProps as Omit<TriggerProps, 'value' | 'class'>;
                                      ^
10: </script>
11: 
08:58:04 [vite-plugin-svelte] src/lib/components/ui/tabs/tabs-content.svelte:9:24 This reference only captures the initial value of `restProps`. Did you mean to reference it inside a closure instead?
https://svelte.dev/e/state_referenced_locally
 7: 
 8:   let { value, class: className = undefined, ...restProps } = $props();
 9:   const forwardedProps = restProps as Omit<ContentProps, 'value' | 'class'>;
                                      ^
10: </script>
11: 
08:58:09 [vite-plugin-svelte] src/routes/(app)/+layout.svelte:119:1 Visible, non-interactive element `<div>` with a click event must be accompanied by a keyboard event handler. Consider whether an interactive element such as `<button type="button">` or `<a>` might be more appropriate
https://svelte.dev/e/a11y_click_events_have_key_events
117: 
118: {#if $menuOpen}
119:   <div class="menu-backdrop" onclick={() => menuOpen.set(false)} role="button" tabindex="-1" aria-label="Close menu" transition:fade={{ duration: 150 }}></div>
                                                                                                                                                                    ^
120: 
121:   <aside class="menu-drawer" transition:fly={{ x: -280, duration: 250 }}>
08:58:09 [vite-plugin-svelte] src/routes/(app)/admin/features/+page.svelte:66:12 Self-closing HTML tags for non-void elements are ambiguous ΓÇö use `<span ...></span>` rather than `<span ... />`
https://svelte.dev/e/element_invalid_self_closing_tag
64:             aria-label="Toggle {key}"
65:           >
66:             <span class="toggle-knob" />
                                            ^
67:           </button>
68:         </div>
08:58:09 [vite-plugin-svelte] src/routes/(app)/afrikaans/+page.svelte:11:21 This reference only captures the initial value of `data`. Did you mean to reference it inside a derived instead?
https://svelte.dev/e/state_referenced_locally
 9:   let { data }: { data: PageData } = $props();
10: 
11:   let movies = $state(data.movies || []);
                              ^
12:   let currentPage = $state(data.page || 1);
13:   let hasMore = $state(data.hasMore ?? false);
08:58:09 [vite-plugin-svelte] src/routes/(app)/afrikaans/+page.svelte:12:26 This reference only captures the initial value of `data`. Did you mean to reference it inside a derived instead?
https://svelte.dev/e/state_referenced_locally
10: 
11:   let movies = $state(data.movies || []);
12:   let currentPage = $state(data.page || 1);
                                   ^
13:   let hasMore = $state(data.hasMore ?? false);
14:   let loadingMore = $state(false);
08:58:09 [vite-plugin-svelte] src/routes/(app)/afrikaans/+page.svelte:13:22 This reference only captures the initial value of `data`. Did you mean to reference it inside a derived instead?
https://svelte.dev/e/state_referenced_locally
11:   let movies = $state(data.movies || []);
12:   let currentPage = $state(data.page || 1);
13:   let hasMore = $state(data.hasMore ?? false);
                               ^
14:   let loadingMore = $state(false);
15:   let searchQuery = $state('');
08:58:09 [vite-plugin-svelte] src/routes/(app)/genre/movies/+page.svelte:24:38 This reference only captures the initial value of `allMovies`. Did you mean to reference it inside a closure instead?
https://svelte.dev/e/state_referenced_locally
22: 
23:   let currentPage = $state(1);
24:   let movies = $state<LibraryMovie[]>(allMovies);
                                                   ^
25:   let isLoadingMore = $state(false);
26:   let loadError = $state('');
08:58:09 [vite-plugin-svelte] src/routes/(app)/explore/[slug]/+page.svelte:63:40 This reference only captures the initial value of `tmdbPopularMovies`. Did you mean to reference it inside a closure instead?
https://svelte.dev/e/state_referenced_locally
61:   const numberFormatter = new Intl.NumberFormat('en-US');
62: 
63:   let allMovies = $state<LibraryMovie[]>(tmdbPopularMovies as LibraryMovie[]);
                                                              ^
64:   let currentPage = $state(1);
65:   let isLoadingMore = $state(false);
08:58:09 [vite-plugin-svelte] src/routes/(app)/explore/[slug]/+page.svelte:593:1 Unused CSS selector ".trending-divider"
https://svelte.dev/e/css_unused_selector
591:   }
592: 
593:   .trending-divider {
                        ^
594:     margin: 2.5rem 5% 0;
595:     width: auto;
08:58:09 [vite-plugin-svelte] src/routes/(app)/movies/+page.svelte:18:30 This reference only captures the initial value of `data`. Did you mean to reference it inside a derived instead?
https://svelte.dev/e/state_referenced_locally
16:   ];
17: 
18:   let currentCategory = $state(data.category || 'popular');
                                       ^
19:   let currentPage = $state(data.page || 1);
20:   let allMovies = $state(data.movies || []);
08:58:09 [vite-plugin-svelte] src/routes/(app)/movies/+page.svelte:19:26 This reference only captures the initial value of `data`. Did you mean to reference it inside a derived instead?
https://svelte.dev/e/state_referenced_locally
17: 
18:   let currentCategory = $state(data.category || 'popular');
19:   let currentPage = $state(data.page || 1);
                                   ^
20:   let allMovies = $state(data.movies || []);
21:   let isLoadingMore = $state(false);
08:58:09 [vite-plugin-svelte] src/routes/(app)/movies/+page.svelte:20:24 This reference only captures the initial value of `data`. Did you mean to reference it inside a derived instead?
https://svelte.dev/e/state_referenced_locally
18:   let currentCategory = $state(data.category || 'popular');
19:   let currentPage = $state(data.page || 1);
20:   let allMovies = $state(data.movies || []);
                                 ^
21:   let isLoadingMore = $state(false);
22:   let hasMore = $state((data.page || 1) < (data.totalPages || 0));
08:58:09 [vite-plugin-svelte] src/routes/(app)/movies/+page.svelte:22:23 This reference only captures the initial value of `data`. Did you mean to reference it inside a derived instead?
https://svelte.dev/e/state_referenced_locally
20:   let allMovies = $state(data.movies || []);
21:   let isLoadingMore = $state(false);
22:   let hasMore = $state((data.page || 1) < (data.totalPages || 0));
                                ^
23: 
24:   let filteredMovies = $derived.by(() => {
08:58:09 [vite-plugin-svelte] src/routes/(app)/movies/+page.svelte:22:42 This reference only captures the initial value of `data`. Did you mean to reference it inside a derived instead?
https://svelte.dev/e/state_referenced_locally
20:   let allMovies = $state(data.movies || []);
21:   let isLoadingMore = $state(false);
22:   let hasMore = $state((data.page || 1) < (data.totalPages || 0));
                                                   ^
23: 
24:   let filteredMovies = $derived.by(() => {
08:58:09 [vite-plugin-svelte] src/routes/(app)/profile/+page.svelte:12:38 This reference only captures the initial value of `stats`. Did you mean to reference it inside a closure instead?
https://svelte.dev/e/state_referenced_locally
10:   const tabs = [
11:     { id: 'overview', label: 'Overview' },
12:     { id: 'history', label: `History (${stats.historyCount})` },
                                                 ^
13:     { id: 'watchlist', label: `Watchlist (${stats.watchlistCount})` },
14:   ];
08:58:09 [vite-plugin-svelte] src/routes/(app)/profile/+page.svelte:13:42 This reference only captures the initial value of `stats`. Did you mean to reference it inside a closure instead?
https://svelte.dev/e/state_referenced_locally
11:     { id: 'overview', label: 'Overview' },
12:     { id: 'history', label: `History (${stats.historyCount})` },
13:     { id: 'watchlist', label: `Watchlist (${stats.watchlistCount})` },
                                                     ^
14:   ];
15: 
08:58:09 [vite-plugin-svelte] src/routes/(app)/tv/[id]/+page.svelte:216:4 Buttons and links should either contain text or have an `aria-label`, `aria-labelledby` or `title` attribute
https://svelte.dev/e/a11y_consider_explicit_label
214:           <div class="detail-poster-placeholder"></div>
215:         {/if}
216:         <button class="save-btn" class:saved={isSaved} onclick={toggleWatchlist}>
                      ^
217:           <svg viewBox="0 0 24 24" fill={isSaved ? 'currentColor' : 'none'} stroke="currentColor" stroke-width="2">
218:             <path d="M19 21l-7-5-7 5V5a2 2 0 0 1 2-2h10a2 2 0 0 1 2 2z"/>
08:58:09 [vite-plugin-svelte] src/routes/(app)/tv/[id]/+page.svelte:342:7 Buttons and links should either contain text or have an `aria-label`, `aria-labelledby` or `title` attribute
https://svelte.dev/e/a11y_consider_explicit_label
340:               {/if}
341: 
342:               <button
                          ^
343:                 class="episode-play-overlay"
344:                 disabled={isUnaired}
08:58:09 [vite-plugin-svelte] src/lib/components/ScrollRow.svelte:60:0 `<div>` with a keydown handler must have an ARIA role
https://svelte.dev/e/a11y_no_static_element_interactions
58: </script>
59: 
60: <div class="scroll-row" tabindex="-1" onkeydown={handleKeydown}>
          ^
61:   <div
62:     bind:this={scrollContainer}
08:58:10 [vite-plugin-svelte] src/lib/components/home/Hero.svelte:254:1 noninteractive element cannot have nonnegative tabIndex value
https://svelte.dev/e/a11y_no_noninteractive_tabindex
252: 
253: {#if hasSlides && activeMovie}
254:   <section
               ^
255:     class="relative min-h-[60vh] overflow-hidden rounded-2xl border-0 p-0 outline-none md:min-h-[65vh] lg:min-h-[70vh]"
256:     aria-label="Featured content spotlight"
08:58:10 [vite-plugin-svelte] src/lib/components/home/Hero.svelte:254:1 Non-interactive element `<section>` should not be assigned mouse or keyboard event listeners
https://svelte.dev/e/a11y_no_noninteractive_element_interactions
252: 
253: {#if hasSlides && activeMovie}
254:   <section
               ^
255:     class="relative min-h-[60vh] overflow-hidden rounded-2xl border-0 p-0 outline-none md:min-h-[65vh] lg:min-h-[70vh]"
256:     aria-label="Featured content spotlight"
08:58:10 [vite-plugin-svelte] src/lib/components/mobile/BottomNav.svelte:17:24 Redundant role 'navigation'
https://svelte.dev/e/a11y_no_redundant_roles
15:   }
16: </script>
17: <nav class="bottom-nav" role="navigation" aria-label="Main navigation">
                                             ^
18:   {#each navItems as item}
19:     {@const active = isActive(item.href)}
08:58:10 [vite-plugin-svelte] src/lib/components/mobile/MobileHeader.svelte:24:56 Redundant role 'banner'
https://svelte.dev/e/a11y_no_redundant_roles
22:   }
23: </script>
24: <header class="mobile-header" class:hidden={!isVisible} role="banner">
                                                                         ^
25:   <div class="mobile-header-inner">
26:     <button type="button" class="mobile-header-btn" onclick={() => menuOpen.set(true)} aria-label="Menu">
08:58:10 [vite-plugin-svelte] src/lib/components/SearchOverlay.svelte:67:1 Visible, non-interactive element `<div>` with a click event must be accompanied by a keyboard event handler. Consider whether an interactive element such as `<button type="button">` or `<a>` might be more appropriate
https://svelte.dev/e/a11y_click_events_have_key_events
65: 
66: {#if $searchOpen}
67:   <div class="search-backdrop" onclick={close} transition:fade={{ duration: 150 }}></div>
                                                                                             ^
68: 
69:   <div class="search-panel" transition:fly={{ y: -20, duration: 250 }}>
08:58:10 [vite-plugin-svelte] src/lib/components/SearchOverlay.svelte:67:1 `<div>` with a click handler must have an ARIA role
https://svelte.dev/e/a11y_no_static_element_interactions
65: 
66: {#if $searchOpen}
67:   <div class="search-backdrop" onclick={close} transition:fade={{ duration: 150 }}></div>
                                                                                             ^
68: 
69:   <div class="search-panel" transition:fly={{ y: -20, duration: 250 }}>
08:58:10 [vite-plugin-svelte] src/lib/components/SearchOverlay.svelte:10:5 `inputEl` is updated, but is not declared with `$state(...)`. Changing its value will not correctly trigger updates
https://svelte.dev/e/non_reactive_update
 8:   let isLoading = $state(false);
 9:   let debounceTimer: ReturnType<typeof setTimeout> | undefined;
10:   let inputEl: HTMLInputElement | undefined;
                                               ^
11: 
12:   async function search(q: string) {
08:58:10 [vite-plugin-svelte] src/lib/components/DiscoveryEngine.svelte:58:10 Self-closing HTML tags for non-void elements are ambiguous ΓÇö use `<div ...></div>` rather than `<div ... />`
https://svelte.dev/e/element_invalid_self_closing_tag
56:       <div class="loading-skeleton">
57:         {#each Array(6) as _}
58:           <div class="skeleton-card" />
                                           ^
59:         {/each}
60:       </div>
08:58:10 [vite-plugin-svelte] src/lib/components/media/MediaDetailsPage.svelte:885:5 Buttons and links should either contain text or have an `aria-label`, `aria-labelledby` or `title` attribute
https://svelte.dev/e/a11y_consider_explicit_label
883:             <svg class="h-5 w-5" fill="none" viewBox="0 0 24 24" stroke="currentColor"><path stroke-linecap="round" stroke-linejoin="round" stroke-width="2" d="M8.228 9c.549-1.165 2.03-2 3.772-2 2.21 0 4 1.343 4 3 0 1.4-1.278 2.575-3.006 2.907-.542.104-.994.54-.994 1.093m0 3h.01M21 12a9 9 0 11-18 0 9 9 0 0118 0z" /></svg>
884:           </button>
885:           <button
                       ^
886:             class="rounded-full bg-black/60 p-2 text-white hover:bg-black/80 transition"
887:             onclick={() => closePlayer('user')}
08:58:10 [vite-plugin-svelte] src/lib/components/media/MediaDetailsPage.svelte:907:7 Buttons and links should either contain text or have an `aria-label`, `aria-labelledby` or `title` attribute
https://svelte.dev/e/a11y_consider_explicit_label
905:             <div class="mb-4 flex items-center justify-between">
906:               <h3 class="text-lg font-bold text-white">Keyboard Shortcuts</h3>
907:               <button class="text-white/50 hover:text-white" onclick={() => (showShortcutsHelp = false)}>
                            ^
908:                 <svg class="size-5" fill="none" viewBox="0 0 24 24" stroke="currentColor"><path stroke-linecap="round" stroke-linejoin="round" stroke-width="2" d="M6 18L18 6M6 6l12 12" /></svg>
909:               </button>
08:58:11 [vite-plugin-svelte] src/lib/components/player/InlinePlayer.svelte:334:0 Visible, non-interactive element `<div>` with a click event must be accompanied by a keyboard event handler. Consider whether an interactive element such as `<button type="button">` or `<a>` might be more appropriate
https://svelte.dev/e/a11y_click_events_have_key_events
332: </script>
333: 
334: <div
         ^
335:   bind:this={wrapperRef}
336:   class={compact
08:58:11 [vite-plugin-svelte] src/lib/components/player/InlinePlayer.svelte:334:0 `<div>` with a click handler must have an ARIA role
https://svelte.dev/e/a11y_no_static_element_interactions
332: </script>
333: 
334: <div
         ^
335:   bind:this={wrapperRef}
336:   class={compact
08:58:11 [vite-plugin-svelte] src/lib/components/player/InlinePlayer.svelte:351:2 Visible, non-interactive element `<div>` with a click event must be accompanied by a keyboard event handler. Consider whether an interactive element such as `<button type="button">` or `<a>` might be more appropriate
https://svelte.dev/e/a11y_click_events_have_key_events
349:   >
350:     <!-- Top controls bar -->
351:     <div
             ^
352:       class="absolute top-0 left-0 right-0 z-20 flex items-center justify-between px-3 pt-3 pb-8 bg-gradient-to-b from-black/60 to-transparent transition-opacity duration-300"
353:       class:opacity-0={isFakeFs && !controlsVisible}
08:58:11 [vite-plugin-svelte] src/lib/components/player/InlinePlayer.svelte:351:2 `<div>` with a click handler must have an ARIA role
https://svelte.dev/e/a11y_no_static_element_interactions
349:   >
350:     <!-- Top controls bar -->
351:     <div
             ^
352:       class="absolute top-0 left-0 right-0 z-20 flex items-center justify-between px-3 pt-3 pb-8 bg-gradient-to-b from-black/60 to-transparent transition-opacity duration-300"
353:       class:opacity-0={isFakeFs && !controlsVisible}
08:58:11 [vite-plugin-svelte] src/lib/components/player/InlinePlayer.svelte:410:3 Visible, non-interactive element `<div>` with a click event must be accompanied by a keyboard event handler. Consider whether an interactive element such as `<button type="button">` or `<a>` might be more appropriate
https://svelte.dev/e/a11y_click_events_have_key_events
408:     <!-- Tap overlay to show controls when hidden in fake FS -->
409:     {#if isFakeFs && !controlsVisible}
410:       <div
               ^
411:         class="absolute inset-0 z-10"
412:         onclick={(e) => { e.stopPropagation(); showControls(); }}
08:58:11 [vite-plugin-svelte] src/lib/components/media/ProviderSelector.svelte:171:1 Visible, non-interactive element `<div>` with a click event must be accompanied by a keyboard event handler. Consider whether an interactive element such as `<button type="button">` or `<a>` might be more appropriate
https://svelte.dev/e/a11y_click_events_have_key_events
169: {#if open}
170:   <!-- Backdrop -->
171:   <div
           ^
172:     class="fixed inset-0 z-50 bg-black/70 backdrop-blur-sm"
173:     role="button"
08:58:11 [vite-plugin-svelte] src/lib/components/media/ProviderSelector.svelte:206:4 Buttons and links should either contain text or have an `aria-label`, `aria-labelledby` or `title` attribute
https://svelte.dev/e/a11y_consider_explicit_label
204:           </button>
205:         {/if}
206:         <button
                    ^
207:           class="rounded-full p-1 text-zinc-400 hover:bg-zinc-800 hover:text-white transition"
208:           onclick={close}
08:58:11 [vite-plugin-svelte] src/lib/components/media/ProviderSelector.svelte:222:5 Buttons and links should either contain text or have an `aria-label`, `aria-labelledby` or `title` attribute
https://svelte.dev/e/a11y_consider_explicit_label
220:         <div class="flex items-center justify-between rounded-lg bg-zinc-800/50 px-4 py-3">
221:           <span class="text-sm text-zinc-300">Auto-select best provider</span>
222:           <button
                      ^
223:             class="relative h-6 w-11 rounded-full transition {autoSelect ? 'bg-indigo-600' : 'bg-zinc-600'}"
224:             onclick={() => providerSettings.setAutoSelect(!autoSelect)}
08:58:11 [vite-plugin-svelte] src/lib/components/media/ProviderSelector.svelte:226:6 Self-closing HTML tags for non-void elements are ambiguous ΓÇö use `<div ...></div>` rather than `<div ... />`
https://svelte.dev/e/element_invalid_self_closing_tag
224:             onclick={() => providerSettings.setAutoSelect(!autoSelect)}
225:           >
226:             <div class="absolute top-0.5 left-0.5 h-5 w-5 rounded-full bg-white shadow transition {autoSelect ? 'translate-x-5' : 'translate-x-0'}" />
                                                                                                                                                           ^
227:           </button>
228:         </div>
08:58:11 [vite-plugin-svelte] src/lib/components/media/ProviderSelector.svelte:241:8 Buttons and links should either contain text or have an `aria-label`, `aria-labelledby` or `title` attribute
https://svelte.dev/e/a11y_consider_explicit_label
239:             >
240:               <div class="flex flex-col gap-0.5">
241:                 <button class="text-zinc-500 hover:text-white disabled:opacity-20" onclick={() => moveProvider(i, -1)} disabled={i === 0}>
                              ^
242:                   <svg class="h-3 w-3" fill="none" viewBox="0 0 24 24" stroke="currentColor"><path stroke-linecap="round" stroke-linejoin="round" stroke-width="2" d="M5 15l7-7 7 7" /></svg>
243:                 </button>
08:58:11 [vite-plugin-svelte] src/lib/components/media/ProviderSelector.svelte:244:8 Buttons and links should either contain text or have an `aria-label`, `aria-labelledby` or `title` attribute
https://svelte.dev/e/a11y_consider_explicit_label
242:                   <svg class="h-3 w-3" fill="none" viewBox="0 0 24 24" stroke="currentColor"><path stroke-linecap="round" stroke-linejoin="round" stroke-width="2" d="M5 15l7-7 7 7" /></svg>
243:                 </button>
244:                 <button class="text-zinc-500 hover:text-white disabled:opacity-20" onclick={() => moveProvider(i, 1)} disabled={i === providerSettings.settings.providerOrder.length - 1}>
                              ^
245:                   <svg class="h-3 w-3" fill="none" viewBox="0 0 24 24" stroke="currentColor"><path stroke-linecap="round" stroke-linejoin="round" stroke-width="2" d="M19 9l-7 7-7-7" /></svg>
246:                 </button>
08:58:11 [vite-plugin-svelte] src/lib/components/media/ProviderSelector.svelte:280:4 Buttons and links should either contain text or have an `aria-label`, `aria-labelledby` or `title` attribute
https://svelte.dev/e/a11y_consider_explicit_label
278:       <div class="mb-3 flex items-center justify-between rounded-lg bg-zinc-800/30 px-3 py-2">
279:         <span class="text-xs text-zinc-400">Auto-select</span>
280:         <button
                    ^
281:           class="relative h-5 w-9 rounded-full transition {autoSelect ? 'bg-indigo-600' : 'bg-zinc-600'}"
282:           onclick={() => providerSettings.setAutoSelect(!autoSelect)}
08:58:11 [vite-plugin-svelte] src/lib/components/media/ProviderSelector.svelte:284:5 Self-closing HTML tags for non-void elements are ambiguous ΓÇö use `<div ...></div>` rather than `<div ... />`
https://svelte.dev/e/element_invalid_self_closing_tag
282:           onclick={() => providerSettings.setAutoSelect(!autoSelect)}
283:         >
284:           <div class="absolute top-0.5 left-0.5 h-4 w-4 rounded-full bg-white shadow transition {autoSelect ? 'translate-x-4' : 'translate-x-0'}" />
                                                                                                                                                         ^
285:         </button>
286:       </div>
08:58:11 [vite-plugin-svelte] src/lib/components/media/ProviderSelector.svelte:341:9 `<button>` cannot be a descendant of `<button>`. When rendering this component on the server, the resulting HTML will be modified by the browser (by moving, removing, or inserting elements), likely resulting in a `hydration_mismatch` warning
https://svelte.dev/e/node_invalid_placement_ssr
339:                   <span class="text-green-500">Γ£à</span>
340:                 {:else if autoScanResults[provider.id] === false}
341:                   <button
                              ^
342:                     class="rounded p-0.5 text-red-400 hover:bg-red-500/20 hover:text-red-300 transition"
343:                     onclick={(e) => { e.stopPropagation(); reportBroken(provider.id); }}
"SQL" is imported from external module "drizzle-orm" but never used in "src/lib/server/services/search.service.ts".
"query" and "where" are imported from external module "firebase/firestore" but never used in "src/lib/state/stores/authStore.svelte.ts".
[32mΓ£ô[39m 4932 modules transformed.
rendering chunks...
`config.kit.csrf.checkOrigin` has been deprecated in favour of `csrf.trustedOrigins`. It will be removed in a future version
The following Vite config options will be overridden by SvelteKit:
  - build.cssCodeSplit
{"level":30,"time":1785740304301,"pid":23356,"hostname":"Gavin-Finex","msg":"Database initialization completed successfully"}
{"level":50,"time":1785740304363,"pid":23356,"hostname":"Gavin-Finex","errors":{"TMDB_API_KEY":["Invalid input: expected string, received undefined"],"TMDB_READ_ACCESS_TOKEN":["Invalid input: expected string, received undefined"]},"issues":[{"path":"TMDB_API_KEY","message":"Invalid input: expected string, received undefined"},{"path":"TMDB_READ_ACCESS_TOKEN","message":"Invalid input: expected string, received undefined"}],"msg":"Invalid environment variables"}
{"level":50,"time":1785740304363,"pid":23356,"hostname":"Gavin-Finex","error":{},"msg":"Environment validation failed"}
`config.kit.csrf.checkOrigin` has been deprecated in favour of `csrf.trustedOrigins`. It will be removed in a future version
The following Vite config options will be overridden by SvelteKit:
  - build.cssCodeSplit
[36mvite v7.3.6 [32mbuilding client environment for production...[36m[39m
transforming...
08:58:24 [vite-plugin-svelte] src/routes/+layout.svelte:19:0 Using `<slot>` to render parent content is deprecated. Use `{@render ...}` tags instead
https://svelte.dev/e/slot_element_deprecated
17: </script>
18: 
19: <slot />
            ^
20: 
08:58:25 [vite-plugin-svelte] src/routes/(app)/search/+page.svelte:13:20 This reference only captures the initial value of `ssrQuery`. Did you mean to reference it inside a closure instead?
https://svelte.dev/e/state_referenced_locally
11:   const ssrItems = $derived(data.ssrItems || []);
12: 
13:   let query = $state(ssrQuery);
                                 ^
14:   let results = $state<any[]>(ssrItems);
15:   let isLoading = $state(false);
08:58:25 [vite-plugin-svelte] src/routes/(app)/search/+page.svelte:14:29 This reference only captures the initial value of `ssrItems`. Did you mean to reference it inside a closure instead?
https://svelte.dev/e/state_referenced_locally
12: 
13:   let query = $state(ssrQuery);
14:   let results = $state<any[]>(ssrItems);
                                          ^
15:   let isLoading = $state(false);
16:   let hasSearched = $state(ssrQuery.length >= 2);
08:58:25 [vite-plugin-svelte] src/routes/(app)/search/+page.svelte:16:26 This reference only captures the initial value of `ssrQuery`. Did you mean to reference it inside a derived instead?
https://svelte.dev/e/state_referenced_locally
14:   let results = $state<any[]>(ssrItems);
15:   let isLoading = $state(false);
16:   let hasSearched = $state(ssrQuery.length >= 2);
                                       ^
17:   let error = $state('');
18:   let searchTimeout: ReturnType<typeof setTimeout>;
08:58:25 [vite-plugin-svelte] src/routes/(app)/search/+page.svelte:39:19 This reference only captures the initial value of `hasSearched`. Did you mean to reference it inside a closure instead?
https://svelte.dev/e/state_referenced_locally
37:     }
38:     const urlQuery = new URL(window.location.href).searchParams.get('q');
39:     if (urlQuery && !hasSearched) {
                                    ^
40:       query = urlQuery;
41:       performSearch(urlQuery);
08:58:25 [vite-plugin-svelte] src/routes/(app)/search/+page.svelte:157:4 Avoid using autofocus
https://svelte.dev/e/a11y_autofocus
155:         onkeydown={handleKeydown}
156:         placeholder="Search movies and TV shows..."
157:         autofocus
                      ^
158:         class="w-full rounded-2xl border border-zinc-700/50 bg-zinc-900/80 py-4 pl-12 pr-12 text-lg text-white placeholder-zinc-500 transition-all focus:border-indigo-500/50 focus:outline-none focus:ring-2 focus:ring-indigo-500/20"
159:       />
Found 1 warning while optimizing generated CSS:

Γöé   padding-right: var(--safe-area-right);
Γöé }
Γöé @import url('https://fonts.googleapis.com/css2?family=Inter:wght@400;500;600;700;800;900&display=swap');
Γöå        ^-- @import rules must precede all rules aside from @charset and @layer statements
Γöå
Γöé :root {
Γöé   --radius: 0.75rem;

08:58:34 [vite-plugin-svelte] src/lib/components/ui/tabs/tabs-content.svelte:9:24 This reference only captures the initial value of `restProps`. Did you mean to reference it inside a closure instead?
https://svelte.dev/e/state_referenced_locally
 7: 
 8:   let { value, class: className = undefined, ...restProps } = $props();
 9:   const forwardedProps = restProps as Omit<ContentProps, 'value' | 'class'>;
                                      ^
10: </script>
11: 
08:58:34 [vite-plugin-svelte] src/lib/components/ui/tabs/tabs-trigger.svelte:9:24 This reference only captures the initial value of `restProps`. Did you mean to reference it inside a closure instead?
https://svelte.dev/e/state_referenced_locally
 7: 
 8:   let { value, class: className = undefined, ...restProps } = $props();
 9:   const forwardedProps = restProps as Omit<TriggerProps, 'value' | 'class'>;
                                      ^
10: </script>
11: 
08:58:37 [vite-plugin-svelte] src/routes/(app)/+layout.svelte:119:1 Visible, non-interactive element `<div>` with a click event must be accompanied by a keyboard event handler. Consider whether an interactive element such as `<button type="button">` or `<a>` might be more appropriate
https://svelte.dev/e/a11y_click_events_have_key_events
117: 
118: {#if $menuOpen}
119:   <div class="menu-backdrop" onclick={() => menuOpen.set(false)} role="button" tabindex="-1" aria-label="Close menu" transition:fade={{ duration: 150 }}></div>
                                                                                                                                                                    ^
120: 
121:   <aside class="menu-drawer" transition:fly={{ x: -280, duration: 250 }}>
08:58:37 [vite-plugin-svelte] src/routes/(app)/admin/features/+page.svelte:66:12 Self-closing HTML tags for non-void elements are ambiguous ΓÇö use `<span ...></span>` rather than `<span ... />`
https://svelte.dev/e/element_invalid_self_closing_tag
64:             aria-label="Toggle {key}"
65:           >
66:             <span class="toggle-knob" />
                                            ^
67:           </button>
68:         </div>
08:58:37 [vite-plugin-svelte] src/routes/(app)/afrikaans/+page.svelte:11:21 This reference only captures the initial value of `data`. Did you mean to reference it inside a derived instead?
https://svelte.dev/e/state_referenced_locally
 9:   let { data }: { data: PageData } = $props();
10: 
11:   let movies = $state(data.movies || []);
                              ^
12:   let currentPage = $state(data.page || 1);
13:   let hasMore = $state(data.hasMore ?? false);
08:58:37 [vite-plugin-svelte] src/routes/(app)/afrikaans/+page.svelte:12:26 This reference only captures the initial value of `data`. Did you mean to reference it inside a derived instead?
https://svelte.dev/e/state_referenced_locally
10: 
11:   let movies = $state(data.movies || []);
12:   let currentPage = $state(data.page || 1);
                                   ^
13:   let hasMore = $state(data.hasMore ?? false);
14:   let loadingMore = $state(false);
08:58:37 [vite-plugin-svelte] src/routes/(app)/afrikaans/+page.svelte:13:22 This reference only captures the initial value of `data`. Did you mean to reference it inside a derived instead?
https://svelte.dev/e/state_referenced_locally
11:   let movies = $state(data.movies || []);
12:   let currentPage = $state(data.page || 1);
13:   let hasMore = $state(data.hasMore ?? false);
                               ^
14:   let loadingMore = $state(false);
15:   let searchQuery = $state('');
08:58:37 [vite-plugin-svelte] src/routes/(app)/genre/movies/+page.svelte:24:38 This reference only captures the initial value of `allMovies`. Did you mean to reference it inside a closure instead?
https://svelte.dev/e/state_referenced_locally
22: 
23:   let currentPage = $state(1);
24:   let movies = $state<LibraryMovie[]>(allMovies);
                                                   ^
25:   let isLoadingMore = $state(false);
26:   let loadError = $state('');
08:58:37 [vite-plugin-svelte] src/routes/(app)/explore/[slug]/+page.svelte:63:40 This reference only captures the initial value of `tmdbPopularMovies`. Did you mean to reference it inside a closure instead?
https://svelte.dev/e/state_referenced_locally
61:   const numberFormatter = new Intl.NumberFormat('en-US');
62: 
63:   let allMovies = $state<LibraryMovie[]>(tmdbPopularMovies as LibraryMovie[]);
                                                              ^
64:   let currentPage = $state(1);
65:   let isLoadingMore = $state(false);
08:58:37 [vite-plugin-svelte] src/routes/(app)/explore/[slug]/+page.svelte:593:1 Unused CSS selector ".trending-divider"
https://svelte.dev/e/css_unused_selector
591:   }
592: 
593:   .trending-divider {
                        ^
594:     margin: 2.5rem 5% 0;
595:     width: auto;
08:58:37 [vite-plugin-svelte] src/routes/(app)/movies/+page.svelte:18:30 This reference only captures the initial value of `data`. Did you mean to reference it inside a derived instead?
https://svelte.dev/e/state_referenced_locally
16:   ];
17: 
18:   let currentCategory = $state(data.category || 'popular');
                                       ^
19:   let currentPage = $state(data.page || 1);
20:   let allMovies = $state(data.movies || []);
08:58:37 [vite-plugin-svelte] src/routes/(app)/movies/+page.svelte:19:26 This reference only captures the initial value of `data`. Did you mean to reference it inside a derived instead?
https://svelte.dev/e/state_referenced_locally
17: 
18:   let currentCategory = $state(data.category || 'popular');
19:   let currentPage = $state(data.page || 1);
                                   ^
20:   let allMovies = $state(data.movies || []);
21:   let isLoadingMore = $state(false);
08:58:37 [vite-plugin-svelte] src/routes/(app)/movies/+page.svelte:20:24 This reference only captures the initial value of `data`. Did you mean to reference it inside a derived instead?
https://svelte.dev/e/state_referenced_locally
18:   let currentCategory = $state(data.category || 'popular');
19:   let currentPage = $state(data.page || 1);
20:   let allMovies = $state(data.movies || []);
                                 ^
21:   let isLoadingMore = $state(false);
22:   let hasMore = $state((data.page || 1) < (data.totalPages || 0));
08:58:37 [vite-plugin-svelte] src/routes/(app)/movies/+page.svelte:22:23 This reference only captures the initial value of `data`. Did you mean to reference it inside a derived instead?
https://svelte.dev/e/state_referenced_locally
20:   let allMovies = $state(data.movies || []);
21:   let isLoadingMore = $state(false);
22:   let hasMore = $state((data.page || 1) < (data.totalPages || 0));
                                ^
23: 
24:   let filteredMovies = $derived.by(() => {
08:58:37 [vite-plugin-svelte] src/routes/(app)/movies/+page.svelte:22:42 This reference only captures the initial value of `data`. Did you mean to reference it inside a derived instead?
https://svelte.dev/e/state_referenced_locally
20:   let allMovies = $state(data.movies || []);
21:   let isLoadingMore = $state(false);
22:   let hasMore = $state((data.page || 1) < (data.totalPages || 0));
                                                   ^
23: 
24:   let filteredMovies = $derived.by(() => {
08:58:37 [vite-plugin-svelte] src/routes/(app)/profile/+page.svelte:12:38 This reference only captures the initial value of `stats`. Did you mean to reference it inside a closure instead?
https://svelte.dev/e/state_referenced_locally
10:   const tabs = [
11:     { id: 'overview', label: 'Overview' },
12:     { id: 'history', label: `History (${stats.historyCount})` },
                                                 ^
13:     { id: 'watchlist', label: `Watchlist (${stats.watchlistCount})` },
14:   ];
08:58:37 [vite-plugin-svelte] src/routes/(app)/profile/+page.svelte:13:42 This reference only captures the initial value of `stats`. Did you mean to reference it inside a closure instead?
https://svelte.dev/e/state_referenced_locally
11:     { id: 'overview', label: 'Overview' },
12:     { id: 'history', label: `History (${stats.historyCount})` },
13:     { id: 'watchlist', label: `Watchlist (${stats.watchlistCount})` },
                                                     ^
14:   ];
15: 
08:58:37 [vite-plugin-svelte] src/routes/(app)/tv/[id]/+page.svelte:216:4 Buttons and links should either contain text or have an `aria-label`, `aria-labelledby` or `title` attribute
https://svelte.dev/e/a11y_consider_explicit_label
214:           <div class="detail-poster-placeholder"></div>
215:         {/if}
216:         <button class="save-btn" class:saved={isSaved} onclick={toggleWatchlist}>
                      ^
217:           <svg viewBox="0 0 24 24" fill={isSaved ? 'currentColor' : 'none'} stroke="currentColor" stroke-width="2">
218:             <path d="M19 21l-7-5-7 5V5a2 2 0 0 1 2-2h10a2 2 0 0 1 2 2z"/>
08:58:37 [vite-plugin-svelte] src/routes/(app)/tv/[id]/+page.svelte:342:7 Buttons and links should either contain text or have an `aria-label`, `aria-labelledby` or `title` attribute
https://svelte.dev/e/a11y_consider_explicit_label
340:               {/if}
341: 
342:               <button
                          ^
343:                 class="episode-play-overlay"
344:                 disabled={isUnaired}
08:58:37 [vite-plugin-svelte] src/lib/components/ScrollRow.svelte:60:0 `<div>` with a keydown handler must have an ARIA role
https://svelte.dev/e/a11y_no_static_element_interactions
58: </script>
59: 
60: <div class="scroll-row" tabindex="-1" onkeydown={handleKeydown}>
          ^
61:   <div
62:     bind:this={scrollContainer}
08:58:37 [vite-plugin-svelte] src/lib/components/home/Hero.svelte:254:1 noninteractive element cannot have nonnegative tabIndex value
https://svelte.dev/e/a11y_no_noninteractive_tabindex
252: 
253: {#if hasSlides && activeMovie}
254:   <section
               ^
255:     class="relative min-h-[60vh] overflow-hidden rounded-2xl border-0 p-0 outline-none md:min-h-[65vh] lg:min-h-[70vh]"
256:     aria-label="Featured content spotlight"
08:58:37 [vite-plugin-svelte] src/lib/components/home/Hero.svelte:254:1 Non-interactive element `<section>` should not be assigned mouse or keyboard event listeners
https://svelte.dev/e/a11y_no_noninteractive_element_interactions
252: 
253: {#if hasSlides && activeMovie}
254:   <section
               ^
255:     class="relative min-h-[60vh] overflow-hidden rounded-2xl border-0 p-0 outline-none md:min-h-[65vh] lg:min-h-[70vh]"
256:     aria-label="Featured content spotlight"
08:58:38 [vite-plugin-svelte] src/lib/components/mobile/MobileHeader.svelte:24:56 Redundant role 'banner'
https://svelte.dev/e/a11y_no_redundant_roles
22:   }
23: </script>
24: <header class="mobile-header" class:hidden={!isVisible} role="banner">
                                                                         ^
25:   <div class="mobile-header-inner">
26:     <button type="button" class="mobile-header-btn" onclick={() => menuOpen.set(true)} aria-label="Menu">
08:58:38 [vite-plugin-svelte] src/lib/components/mobile/BottomNav.svelte:17:24 Redundant role 'navigation'
https://svelte.dev/e/a11y_no_redundant_roles
15:   }
16: </script>
17: <nav class="bottom-nav" role="navigation" aria-label="Main navigation">
                                             ^
18:   {#each navItems as item}
19:     {@const active = isActive(item.href)}
08:58:38 [vite-plugin-svelte] src/lib/components/SearchOverlay.svelte:67:1 Visible, non-interactive element `<div>` with a click event must be accompanied by a keyboard event handler. Consider whether an interactive element such as `<button type="button">` or `<a>` might be more appropriate
https://svelte.dev/e/a11y_click_events_have_key_events
65: 
66: {#if $searchOpen}
67:   <div class="search-backdrop" onclick={close} transition:fade={{ duration: 150 }}></div>
                                                                                             ^
68: 
69:   <div class="search-panel" transition:fly={{ y: -20, duration: 250 }}>
08:58:38 [vite-plugin-svelte] src/lib/components/SearchOverlay.svelte:67:1 `<div>` with a click handler must have an ARIA role
https://svelte.dev/e/a11y_no_static_element_interactions
65: 
66: {#if $searchOpen}
67:   <div class="search-backdrop" onclick={close} transition:fade={{ duration: 150 }}></div>
                                                                                             ^
68: 
69:   <div class="search-panel" transition:fly={{ y: -20, duration: 250 }}>
08:58:38 [vite-plugin-svelte] src/lib/components/SearchOverlay.svelte:10:5 `inputEl` is updated, but is not declared with `$state(...)`. Changing its value will not correctly trigger updates
https://svelte.dev/e/non_reactive_update
 8:   let isLoading = $state(false);
 9:   let debounceTimer: ReturnType<typeof setTimeout> | undefined;
10:   let inputEl: HTMLInputElement | undefined;
                                               ^
11: 
12:   async function search(q: string) {
08:58:38 [vite-plugin-svelte] src/lib/components/DiscoveryEngine.svelte:58:10 Self-closing HTML tags for non-void elements are ambiguous ΓÇö use `<div ...></div>` rather than `<div ... />`
https://svelte.dev/e/element_invalid_self_closing_tag
56:       <div class="loading-skeleton">
57:         {#each Array(6) as _}
58:           <div class="skeleton-card" />
                                           ^
59:         {/each}
60:       </div>
08:58:38 [vite-plugin-svelte] src/lib/components/media/MediaDetailsPage.svelte:885:5 Buttons and links should either contain text or have an `aria-label`, `aria-labelledby` or `title` attribute
https://svelte.dev/e/a11y_consider_explicit_label
883:             <svg class="h-5 w-5" fill="none" viewBox="0 0 24 24" stroke="currentColor"><path stroke-linecap="round" stroke-linejoin="round" stroke-width="2" d="M8.228 9c.549-1.165 2.03-2 3.772-2 2.21 0 4 1.343 4 3 0 1.4-1.278 2.575-3.006 2.907-.542.104-.994.54-.994 1.093m0 3h.01M21 12a9 9 0 11-18 0 9 9 0 0118 0z" /></svg>
884:           </button>
885:           <button
                       ^
886:             class="rounded-full bg-black/60 p-2 text-white hover:bg-black/80 transition"
887:             onclick={() => closePlayer('user')}
08:58:38 [vite-plugin-svelte] src/lib/components/media/MediaDetailsPage.svelte:907:7 Buttons and links should either contain text or have an `aria-label`, `aria-labelledby` or `title` attribute
https://svelte.dev/e/a11y_consider_explicit_label
905:             <div class="mb-4 flex items-center justify-between">
906:               <h3 class="text-lg font-bold text-white">Keyboard Shortcuts</h3>
907:               <button class="text-white/50 hover:text-white" onclick={() => (showShortcutsHelp = false)}>
                            ^
908:                 <svg class="size-5" fill="none" viewBox="0 0 24 24" stroke="currentColor"><path stroke-linecap="round" stroke-linejoin="round" stroke-width="2" d="M6 18L18 6M6 6l12 12" /></svg>
909:               </button>
08:58:38 [vite-plugin-svelte] src/lib/components/media/ProviderSelector.svelte:171:1 Visible, non-interactive element `<div>` with a click event must be accompanied by a keyboard event handler. Consider whether an interactive element such as `<button type="button">` or `<a>` might be more appropriate
https://svelte.dev/e/a11y_click_events_have_key_events
169: {#if open}
170:   <!-- Backdrop -->
171:   <div
           ^
172:     class="fixed inset-0 z-50 bg-black/70 backdrop-blur-sm"
173:     role="button"
08:58:38 [vite-plugin-svelte] src/lib/components/media/ProviderSelector.svelte:206:4 Buttons and links should either contain text or have an `aria-label`, `aria-labelledby` or `title` attribute
https://svelte.dev/e/a11y_consider_explicit_label
204:           </button>
205:         {/if}
206:         <button
                    ^
207:           class="rounded-full p-1 text-zinc-400 hover:bg-zinc-800 hover:text-white transition"
208:           onclick={close}
08:58:38 [vite-plugin-svelte] src/lib/components/media/ProviderSelector.svelte:222:5 Buttons and links should either contain text or have an `aria-label`, `aria-labelledby` or `title` attribute
https://svelte.dev/e/a11y_consider_explicit_label
220:         <div class="flex items-center justify-between rounded-lg bg-zinc-800/50 px-4 py-3">
221:           <span class="text-sm text-zinc-300">Auto-select best provider</span>
222:           <button
                      ^
223:             class="relative h-6 w-11 rounded-full transition {autoSelect ? 'bg-indigo-600' : 'bg-zinc-600'}"
224:             onclick={() => providerSettings.setAutoSelect(!autoSelect)}
08:58:38 [vite-plugin-svelte] src/lib/components/media/ProviderSelector.svelte:226:6 Self-closing HTML tags for non-void elements are ambiguous ΓÇö use `<div ...></div>` rather than `<div ... />`
https://svelte.dev/e/element_invalid_self_closing_tag
224:             onclick={() => providerSettings.setAutoSelect(!autoSelect)}
225:           >
226:             <div class="absolute top-0.5 left-0.5 h-5 w-5 rounded-full bg-white shadow transition {autoSelect ? 'translate-x-5' : 'translate-x-0'}" />
                                                                                                                                                           ^
227:           </button>
228:         </div>
08:58:38 [vite-plugin-svelte] src/lib/components/media/ProviderSelector.svelte:241:8 Buttons and links should either contain text or have an `aria-label`, `aria-labelledby` or `title` attribute
https://svelte.dev/e/a11y_consider_explicit_label
239:             >
240:               <div class="flex flex-col gap-0.5">
241:                 <button class="text-zinc-500 hover:text-white disabled:opacity-20" onclick={() => moveProvider(i, -1)} disabled={i === 0}>
                              ^
242:                   <svg class="h-3 w-3" fill="none" viewBox="0 0 24 24" stroke="currentColor"><path stroke-linecap="round" stroke-linejoin="round" stroke-width="2" d="M5 15l7-7 7 7" /></svg>
243:                 </button>
08:58:38 [vite-plugin-svelte] src/lib/components/media/ProviderSelector.svelte:244:8 Buttons and links should either contain text or have an `aria-label`, `aria-labelledby` or `title` attribute
https://svelte.dev/e/a11y_consider_explicit_label
242:                   <svg class="h-3 w-3" fill="none" viewBox="0 0 24 24" stroke="currentColor"><path stroke-linecap="round" stroke-linejoin="round" stroke-width="2" d="M5 15l7-7 7 7" /></svg>
243:                 </button>
244:                 <button class="text-zinc-500 hover:text-white disabled:opacity-20" onclick={() => moveProvider(i, 1)} disabled={i === providerSettings.settings.providerOrder.length - 1}>
                              ^
245:                   <svg class="h-3 w-3" fill="none" viewBox="0 0 24 24" stroke="currentColor"><path stroke-linecap="round" stroke-linejoin="round" stroke-width="2" d="M19 9l-7 7-7-7" /></svg>
246:                 </button>
08:58:38 [vite-plugin-svelte] src/lib/components/media/ProviderSelector.svelte:280:4 Buttons and links should either contain text or have an `aria-label`, `aria-labelledby` or `title` attribute
https://svelte.dev/e/a11y_consider_explicit_label
278:       <div class="mb-3 flex items-center justify-between rounded-lg bg-zinc-800/30 px-3 py-2">
279:         <span class="text-xs text-zinc-400">Auto-select</span>
280:         <button
                    ^
281:           class="relative h-5 w-9 rounded-full transition {autoSelect ? 'bg-indigo-600' : 'bg-zinc-600'}"
282:           onclick={() => providerSettings.setAutoSelect(!autoSelect)}
08:58:38 [vite-plugin-svelte] src/lib/components/media/ProviderSelector.svelte:284:5 Self-closing HTML tags for non-void elements are ambiguous ΓÇö use `<div ...></div>` rather than `<div ... />`
https://svelte.dev/e/element_invalid_self_closing_tag
282:           onclick={() => providerSettings.setAutoSelect(!autoSelect)}
283:         >
284:           <div class="absolute top-0.5 left-0.5 h-4 w-4 rounded-full bg-white shadow transition {autoSelect ? 'translate-x-4' : 'translate-x-0'}" />
                                                                                                                                                         ^
285:         </button>
286:       </div>
08:58:38 [vite-plugin-svelte] src/lib/components/media/ProviderSelector.svelte:341:9 `<button>` cannot be a descendant of `<button>`. When rendering this component on the server, the resulting HTML will be modified by the browser (by moving, removing, or inserting elements), likely resulting in a `hydration_mismatch` warning
https://svelte.dev/e/node_invalid_placement_ssr
339:                   <span class="text-green-500">Γ£à</span>
340:                 {:else if autoScanResults[provider.id] === false}
341:                   <button
                              ^
342:                     class="rounded p-0.5 text-red-400 hover:bg-red-500/20 hover:text-red-300 transition"
343:                     onclick={(e) => { e.stopPropagation(); reportBroken(provider.id); }}
08:58:38 [vite-plugin-svelte] src/lib/components/player/InlinePlayer.svelte:334:0 Visible, non-interactive element `<div>` with a click event must be accompanied by a keyboard event handler. Consider whether an interactive element such as `<button type="button">` or `<a>` might be more appropriate
https://svelte.dev/e/a11y_click_events_have_key_events
332: </script>
333: 
334: <div
         ^
335:   bind:this={wrapperRef}
336:   class={compact
08:58:38 [vite-plugin-svelte] src/lib/components/player/InlinePlayer.svelte:334:0 `<div>` with a click handler must have an ARIA role
https://svelte.dev/e/a11y_no_static_element_interactions
332: </script>
333: 
334: <div
         ^
335:   bind:this={wrapperRef}
336:   class={compact
08:58:38 [vite-plugin-svelte] src/lib/components/player/InlinePlayer.svelte:351:2 Visible, non-interactive element `<div>` with a click event must be accompanied by a keyboard event handler. Consider whether an interactive element such as `<button type="button">` or `<a>` might be more appropriate
https://svelte.dev/e/a11y_click_events_have_key_events
349:   >
350:     <!-- Top controls bar -->
351:     <div
             ^
352:       class="absolute top-0 left-0 right-0 z-20 flex items-center justify-between px-3 pt-3 pb-8 bg-gradient-to-b from-black/60 to-transparent transition-opacity duration-300"
353:       class:opacity-0={isFakeFs && !controlsVisible}
08:58:38 [vite-plugin-svelte] src/lib/components/player/InlinePlayer.svelte:351:2 `<div>` with a click handler must have an ARIA role
https://svelte.dev/e/a11y_no_static_element_interactions
349:   >
350:     <!-- Top controls bar -->
351:     <div
             ^
352:       class="absolute top-0 left-0 right-0 z-20 flex items-center justify-between px-3 pt-3 pb-8 bg-gradient-to-b from-black/60 to-transparent transition-opacity duration-300"
353:       class:opacity-0={isFakeFs && !controlsVisible}
08:58:38 [vite-plugin-svelte] src/lib/components/player/InlinePlayer.svelte:410:3 Visible, non-interactive element `<div>` with a click event must be accompanied by a keyboard event handler. Consider whether an interactive element such as `<button type="button">` or `<a>` might be more appropriate
https://svelte.dev/e/a11y_click_events_have_key_events
408:     <!-- Tap overlay to show controls when hidden in fake FS -->
409:     {#if isFakeFs && !controlsVisible}
410:       <div
               ^
411:         class="absolute inset-0 z-10"
412:         onclick={(e) => { e.stopPropagation(); showControls(); }}
[32mΓ£ô[39m 4929 modules transformed.
rendering chunks...
computing gzip size...
[2m.svelte-kit/output/client/[22m[32m_app/version.json                                        [39m[1m[2m  0.03 kB[22m[1m[22m[2m Γöé gzip:   0.05 kB[22m
[2m.svelte-kit/output/client/[22m[32m.vite/manifest.json                                      [39m[1m[2m 40.69 kB[22m[1m[22m[2m Γöé gzip:   4.62 kB[22m
[2m.svelte-kit/output/client/[22m[35m_app/immutable/assets/11.DsoLRDfi.css                    [39m[1m[2m  0.03 kB[22m[1m[22m[2m Γöé gzip:   0.05 kB[22m
[2m.svelte-kit/output/client/[22m[35m_app/immutable/assets/17.BknN3za3.css                    [39m[1m[2m  0.14 kB[22m[1m[22m[2m Γöé gzip:   0.11 kB[22m
[2m.svelte-kit/output/client/[22m[35m_app/immutable/assets/empty-state.Z4e_ypW6.css           [39m[1m[2m  0.18 kB[22m[1m[22m[2m Γöé gzip:   0.14 kB[22m
[2m.svelte-kit/output/client/[22m[35m_app/immutable/assets/MediaCard.D6k4YTaE.css             [39m[1m[2m  0.22 kB[22m[1m[22m[2m Γöé gzip:   0.16 kB[22m
[2m.svelte-kit/output/client/[22m[35m_app/immutable/assets/SortDropdown.C_-QEdX3.css          [39m[1m[2m  0.27 kB[22m[1m[22m[2m Γöé gzip:   0.19 kB[22m
[2m.svelte-kit/output/client/[22m[35m_app/immutable/assets/select-trigger.CV-KWLNP.css        [39m[1m[2m  0.29 kB[22m[1m[22m[2m Γöé gzip:   0.15 kB[22m
[2m.svelte-kit/output/client/[22m[35m_app/immutable/assets/AggregatedRating.CKFWtqsG.css      [39m[1m[2m  0.34 kB[22m[1m[22m[2m Γöé gzip:   0.22 kB[22m
[2m.svelte-kit/output/client/[22m[35m_app/immutable/assets/ThemeToggle.CvjcEmJG.css           [39m[1m[2m  0.64 kB[22m[1m[22m[2m Γöé gzip:   0.32 kB[22m
[2m.svelte-kit/output/client/[22m[35m_app/immutable/assets/1.Bqe1HW-m.css                     [39m[1m[2m  1.27 kB[22m[1m[22m[2m Γöé gzip:   0.56 kB[22m
[2m.svelte-kit/output/client/[22m[35m_app/immutable/assets/preferencesStore.DkT2713t.css      [39m[1m[2m  1.40 kB[22m[1m[22m[2m Γöé gzip:   0.45 kB[22m
[2m.svelte-kit/output/client/[22m[35m_app/immutable/assets/MediaScrollContainer.BTlR-6T0.css  [39m[1m[2m  1.44 kB[22m[1m[22m[2m Γöé gzip:   0.56 kB[22m
[2m.svelte-kit/output/client/[22m[35m_app/immutable/assets/20.CmRlf_HS.css                    [39m[1m[2m  1.55 kB[22m[1m[22m[2m Γöé gzip:   0.52 kB[22m
[2m.svelte-kit/output/client/[22m[35m_app/immutable/assets/6.D4Z7pgep.css                     [39m[1m[2m  2.13 kB[22m[1m[22m[2m Γöé gzip:   0.78 kB[22m
[2m.svelte-kit/output/client/[22m[35m_app/immutable/assets/13.Cm4_BPc-.css                    [39m[1m[2m  2.23 kB[22m[1m[22m[2m Γöé gzip:   0.81 kB[22m
[2m.svelte-kit/output/client/[22m[35m_app/immutable/assets/28.B43mDOQZ.css                    [39m[1m[2m  2.33 kB[22m[1m[22m[2m Γöé gzip:   0.73 kB[22m
[2m.svelte-kit/output/client/[22m[35m_app/immutable/assets/30.DpnAtt7n.css                    [39m[1m[2m  2.33 kB[22m[1m[22m[2m Γöé gzip:   0.73 kB[22m
[2m.svelte-kit/output/client/[22m[35m_app/immutable/assets/7.CkrKOrJB.css                     [39m[1m[2m  2.34 kB[22m[1m[22m[2m Γöé gzip:   0.83 kB[22m
[2m.svelte-kit/output/client/[22m[35m_app/immutable/assets/MediaCard.BgXNf5jp.css             [39m[1m[2m  2.41 kB[22m[1m[22m[2m Γöé gzip:   0.77 kB[22m
[2m.svelte-kit/output/client/[22m[35m_app/immutable/assets/25.B7J7ye9S.css                    [39m[1m[2m  2.94 kB[22m[1m[22m[2m Γöé gzip:   0.96 kB[22m
[2m.svelte-kit/output/client/[22m[35m_app/immutable/assets/19.CoKrmJQ6.css                    [39m[1m[2m  3.62 kB[22m[1m[22m[2m Γöé gzip:   1.06 kB[22m
[2m.svelte-kit/output/client/[22m[35m_app/immutable/assets/23.TnsqTikw.css                    [39m[1m[2m  3.82 kB[22m[1m[22m[2m Γöé gzip:   1.22 kB[22m
[2m.svelte-kit/output/client/[22m[35m_app/immutable/assets/12.PP1hTHq0.css                    [39m[1m[2m  4.27 kB[22m[1m[22m[2m Γöé gzip:   1.33 kB[22m
[2m.svelte-kit/output/client/[22m[35m_app/immutable/assets/4.D3Ot04xr.css                     [39m[1m[2m  4.33 kB[22m[1m[22m[2m Γöé gzip:   1.36 kB[22m
[2m.svelte-kit/output/client/[22m[35m_app/immutable/assets/22.CRj6oqTw.css                    [39m[1m[2m  4.39 kB[22m[1m[22m[2m Γöé gzip:   1.12 kB[22m
[2m.svelte-kit/output/client/[22m[35m_app/immutable/assets/Player.Df4bBk2q.css                [39m[1m[2m  8.05 kB[22m[1m[22m[2m Γöé gzip:   1.96 kB[22m
[2m.svelte-kit/output/client/[22m[35m_app/immutable/assets/24.DQ2yp26j.css                    [39m[1m[2m 12.67 kB[22m[1m[22m[2m Γöé gzip:   2.87 kB[22m
[2m.svelte-kit/output/client/[22m[35m_app/immutable/assets/2.BJqsRmLS.css                     [39m[1m[2m 15.89 kB[22m[1m[22m[2m Γöé gzip:   3.57 kB[22m
[2m.svelte-kit/output/client/[22m[35m_app/immutable/assets/app.B8TjWJvE.css                   [39m[1m[2m153.96 kB[22m[1m[22m[2m Γöé gzip:  25.98 kB[22m
[2m.svelte-kit/output/client/[22m[36m_app/immutable/chunks/CPwLOqZt.js                        [39m[1m[2m  0.03 kB[22m[1m[22m[2m Γöé gzip:   0.05 kB[22m
[2m.svelte-kit/output/client/[22m[36m_app/immutable/chunks/DMbwcZv3.js                        [39m[1m[2m  0.04 kB[22m[1m[22m[2m Γöé gzip:   0.06 kB[22m
[2m.svelte-kit/output/client/[22m[36m_app/immutable/chunks/DsnmJJEf.js                        [39m[1m[2m  0.07 kB[22m[1m[22m[2m Γöé gzip:   0.08 kB[22m
[2m.svelte-kit/output/client/[22m[36m_app/immutable/entry/start.CjUIRzHB.js                   [39m[1m[2m  0.08 kB[22m[1m[22m[2m Γöé gzip:   0.09 kB[22m
[2m.svelte-kit/output/client/[22m[36m_app/immutable/chunks/DSiqenET.js                        [39m[1m[2m  0.14 kB[22m[1m[22m[2m Γöé gzip:   0.14 kB[22m
[2m.svelte-kit/output/client/[22m[36m_app/immutable/chunks/Bv2e6Z9J.js                        [39m[1m[2m  0.17 kB[22m[1m[22m[2m Γöé gzip:   0.17 kB[22m
[2m.svelte-kit/output/client/[22m[36m_app/immutable/chunks/DZIMxdep.js                        [39m[1m[2m  0.19 kB[22m[1m[22m[2m Γöé gzip:   0.17 kB[22m
[2m.svelte-kit/output/client/[22m[36m_app/immutable/nodes/3.CO-azNLw.js                       [39m[1m[2m  0.21 kB[22m[1m[22m[2m Γöé gzip:   0.17 kB[22m
[2m.svelte-kit/output/client/[22m[36m_app/immutable/chunks/BvbnXs7u.js                        [39m[1m[2m  0.23 kB[22m[1m[22m[2m Γöé gzip:   0.16 kB[22m
[2m.svelte-kit/output/client/[22m[36m_app/immutable/nodes/31.D_a4ynDP.js                      [39m[1m[2m  0.27 kB[22m[1m[22m[2m Γöé gzip:   0.17 kB[22m
[2m.svelte-kit/output/client/[22m[36m_app/immutable/chunks/D8ex2GQ7.js                        [39m[1m[2m  0.31 kB[22m[1m[22m[2m Γöé gzip:   0.17 kB[22m
[2m.svelte-kit/output/client/[22m[36m_app/immutable/nodes/5.BwQW8BXv.js                       [39m[1m[2m  0.33 kB[22m[1m[22m[2m Γöé gzip:   0.26 kB[22m
[2m.svelte-kit/output/client/[22m[36m_app/immutable/chunks/B8u0Af72.js                        [39m[1m[2m  0.37 kB[22m[1m[22m[2m Γöé gzip:   0.26 kB[22m
[2m.svelte-kit/output/client/[22m[36m_app/immutable/chunks/0D8vFurz.js                        [39m[1m[2m  0.39 kB[22m[1m[22m[2m Γöé gzip:   0.29 kB[22m
[2m.svelte-kit/output/client/[22m[36m_app/immutable/chunks/D0hRWaNc.js                        [39m[1m[2m  0.39 kB[22m[1m[22m[2m Γöé gzip:   0.29 kB[22m
[2m.svelte-kit/output/client/[22m[36m_app/immutable/chunks/Cabt-oz2.js                        [39m[1m[2m  0.40 kB[22m[1m[22m[2m Γöé gzip:   0.29 kB[22m
[2m.svelte-kit/output/client/[22m[36m_app/immutable/chunks/Buyp1ZCh.js                        [39m[1m[2m  0.44 kB[22m[1m[22m[2m Γöé gzip:   0.29 kB[22m
[2m.svelte-kit/output/client/[22m[36m_app/immutable/chunks/CBnJTaiZ.js                        [39m[1m[2m  0.49 kB[22m[1m[22m[2m Γöé gzip:   0.35 kB[22m
[2m.svelte-kit/output/client/[22m[36m_app/immutable/chunks/CcnML8W7.js                        [39m[1m[2m  0.50 kB[22m[1m[22m[2m Γöé gzip:   0.32 kB[22m
[2m.svelte-kit/output/client/[22m[36m_app/immutable/chunks/DtrPTSdj.js                        [39m[1m[2m  0.51 kB[22m[1m[22m[2m Γöé gzip:   0.36 kB[22m
[2m.svelte-kit/output/client/[22m[36m_app/immutable/chunks/CmghiLcj.js                        [39m[1m[2m  0.51 kB[22m[1m[22m[2m Γöé gzip:   0.29 kB[22m
[2m.svelte-kit/output/client/[22m[36m_app/immutable/chunks/DI2r4oRm.js                        [39m[1m[2m  0.52 kB[22m[1m[22m[2m Γöé gzip:   0.34 kB[22m
[2m.svelte-kit/output/client/[22m[36m_app/immutable/chunks/BW0EQb4l.js                        [39m[1m[2m  0.53 kB[22m[1m[22m[2m Γöé gzip:   0.37 kB[22m
[2m.svelte-kit/output/client/[22m[36m_app/immutable/chunks/Dqp37nxl.js                        [39m[1m[2m  0.53 kB[22m[1m[22m[2m Γöé gzip:   0.26 kB[22m
[2m.svelte-kit/output/client/[22m[36m_app/immutable/chunks/B6nRGoSV.js                        [39m[1m[2m  0.55 kB[22m[1m[22m[2m Γöé gzip:   0.39 kB[22m
[2m.svelte-kit/output/client/[22m[36m_app/immutable/chunks/KX2fmk_a.js                        [39m[1m[2m  0.56 kB[22m[1m[22m[2m Γöé gzip:   0.39 kB[22m
[2m.svelte-kit/output/client/[22m[36m_app/immutable/chunks/DrNE7T5O.js                        [39m[1m[2m  0.57 kB[22m[1m[22m[2m Γöé gzip:   0.34 kB[22m
[2m.svelte-kit/output/client/[22m[36m_app/immutable/chunks/D2rNd7D0.js                        [39m[1m[2m  0.58 kB[22m[1m[22m[2m Γöé gzip:   0.39 kB[22m
[2m.svelte-kit/output/client/[22m[36m_app/immutable/chunks/D5dQrC-Q.js                        [39m[1m[2m  0.61 kB[22m[1m[22m[2m Γöé gzip:   0.43 kB[22m
[2m.svelte-kit/output/client/[22m[36m_app/immutable/chunks/CCy5YkMW.js                        [39m[1m[2m  0.65 kB[22m[1m[22m[2m Γöé gzip:   0.42 kB[22m
[2m.svelte-kit/output/client/[22m[36m_app/immutable/chunks/ByelqHF7.js                        [39m[1m[2m  0.65 kB[22m[1m[22m[2m Γöé gzip:   0.43 kB[22m
[2m.svelte-kit/output/client/[22m[36m_app/immutable/chunks/BB2UDE-w.js                        [39m[1m[2m  0.67 kB[22m[1m[22m[2m Γöé gzip:   0.45 kB[22m
[2m.svelte-kit/output/client/[22m[36m_app/immutable/chunks/GuJGfpiW.js                        [39m[1m[2m  0.68 kB[22m[1m[22m[2m Γöé gzip:   0.46 kB[22m
[2m.svelte-kit/output/client/[22m[36m_app/immutable/chunks/ClTVUvY4.js                        [39m[1m[2m  0.72 kB[22m[1m[22m[2m Γöé gzip:   0.48 kB[22m
[2m.svelte-kit/output/client/[22m[36m_app/immutable/chunks/C6wqVYyG.js                        [39m[1m[2m  0.73 kB[22m[1m[22m[2m Γöé gzip:   0.45 kB[22m
[2m.svelte-kit/output/client/[22m[36m_app/immutable/chunks/ujZBxOks.js                        [39m[1m[2m  0.76 kB[22m[1m[22m[2m Γöé gzip:   0.43 kB[22m
[2m.svelte-kit/output/client/[22m[36m_app/immutable/chunks/CtApRUf8.js                        [39m[1m[2m  0.82 kB[22m[1m[22m[2m Γöé gzip:   0.48 kB[22m
[2m.svelte-kit/output/client/[22m[36m_app/immutable/nodes/14.CinvbE5e.js                      [39m[1m[2m  0.82 kB[22m[1m[22m[2m Γöé gzip:   0.50 kB[22m
[2m.svelte-kit/output/client/[22m[36m_app/immutable/nodes/9.BkMZLQLs.js                       [39m[1m[2m  0.83 kB[22m[1m[22m[2m Γöé gzip:   0.50 kB[22m
[2m.svelte-kit/output/client/[22m[36m_app/immutable/chunks/BgcNJn6J.js                        [39m[1m[2m  0.89 kB[22m[1m[22m[2m Γöé gzip:   0.55 kB[22m
[2m.svelte-kit/output/client/[22m[36m_app/immutable/chunks/CEUzwEqf.js                        [39m[1m[2m  0.91 kB[22m[1m[22m[2m Γöé gzip:   0.49 kB[22m
[2m.svelte-kit/output/client/[22m[36m_app/immutable/chunks/DkWdW2MU.js                        [39m[1m[2m  0.97 kB[22m[1m[22m[2m Γöé gzip:   0.46 kB[22m
[2m.svelte-kit/output/client/[22m[36m_app/immutable/nodes/0.DvcXGS6A.js                       [39m[1m[2m  1.12 kB[22m[1m[22m[2m Γöé gzip:   0.63 kB[22m
[2m.svelte-kit/output/client/[22m[36m_app/immutable/chunks/DsRtvcgY.js                        [39m[1m[2m  1.17 kB[22m[1m[22m[2m Γöé gzip:   0.64 kB[22m
[2m.svelte-kit/output/client/[22m[36m_app/immutable/chunks/BLNaNx4w.js                        [39m[1m[2m  1.25 kB[22m[1m[22m[2m Γöé gzip:   0.60 kB[22m
[2m.svelte-kit/output/client/[22m[36m_app/immutable/chunks/CQjrAf6f.js                        [39m[1m[2m  1.27 kB[22m[1m[22m[2m Γöé gzip:   0.64 kB[22m
[2m.svelte-kit/output/client/[22m[36m_app/immutable/chunks/B0t3_Spb.js                        [39m[1m[2m  1.31 kB[22m[1m[22m[2m Γöé gzip:   0.67 kB[22m
[2m.svelte-kit/output/client/[22m[36m_app/immutable/chunks/wbPk3Yxo.js                        [39m[1m[2m  1.37 kB[22m[1m[22m[2m Γöé gzip:   0.66 kB[22m
[2m.svelte-kit/output/client/[22m[36m_app/immutable/chunks/CZPeboo-.js                        [39m[1m[2m  1.43 kB[22m[1m[22m[2m Γöé gzip:   0.79 kB[22m
[2m.svelte-kit/output/client/[22m[36m_app/immutable/chunks/BrY3Nch7.js                        [39m[1m[2m  1.48 kB[22m[1m[22m[2m Γöé gzip:   0.77 kB[22m
[2m.svelte-kit/output/client/[22m[36m_app/immutable/chunks/1NSIhtd2.js                        [39m[1m[2m  1.50 kB[22m[1m[22m[2m Γöé gzip:   0.62 kB[22m
[2m.svelte-kit/output/client/[22m[36m_app/immutable/chunks/BSTzRzH-.js                        [39m[1m[2m  1.50 kB[22m[1m[22m[2m Γöé gzip:   0.67 kB[22m
[2m.svelte-kit/output/client/[22m[36m_app/immutable/chunks/B3hrl1Gy.js                        [39m[1m[2m  1.58 kB[22m[1m[22m[2m Γöé gzip:   0.81 kB[22m
[2m.svelte-kit/output/client/[22m[36m_app/immutable/chunks/-yKrrpYr.js                        [39m[1m[2m  1.61 kB[22m[1m[22m[2m Γöé gzip:   0.87 kB[22m
[2m.svelte-kit/output/client/[22m[36m_app/immutable/chunks/WyyAaWqr.js                        [39m[1m[2m  1.77 kB[22m[1m[22m[2m Γöé gzip:   0.86 kB[22m
[2m.svelte-kit/output/client/[22m[36m_app/immutable/chunks/DmNZ0wQc.js                        [39m[1m[2m  1.79 kB[22m[1m[22m[2m Γöé gzip:   0.64 kB[22m
[2m.svelte-kit/output/client/[22m[36m_app/immutable/chunks/ikLLyRHM.js                        [39m[1m[2m  1.95 kB[22m[1m[22m[2m Γöé gzip:   0.76 kB[22m
[2m.svelte-kit/output/client/[22m[36m_app/immutable/chunks/DD29eQFl.js                        [39m[1m[2m  1.96 kB[22m[1m[22m[2m Γöé gzip:   0.99 kB[22m
[2m.svelte-kit/output/client/[22m[36m_app/immutable/chunks/DYII7rqR.js                        [39m[1m[2m  2.04 kB[22m[1m[22m[2m Γöé gzip:   1.00 kB[22m
[2m.svelte-kit/output/client/[22m[36m_app/immutable/chunks/Di-lN8cU.js                        [39m[1m[2m  2.17 kB[22m[1m[22m[2m Γöé gzip:   1.01 kB[22m
[2m.svelte-kit/output/client/[22m[36m_app/immutable/nodes/28.CWNVt1Fb.js                      [39m[1m[2m  2.27 kB[22m[1m[22m[2m Γöé gzip:   1.03 kB[22m
[2m.svelte-kit/output/client/[22m[36m_app/immutable/chunks/5uYY4n_P.js                        [39m[1m[2m  2.44 kB[22m[1m[22m[2m Γöé gzip:   1.12 kB[22m
[2m.svelte-kit/output/client/[22m[36m_app/immutable/nodes/30.D9wnsBWG.js                      [39m[1m[2m  2.45 kB[22m[1m[22m[2m Γöé gzip:   1.05 kB[22m
[2m.svelte-kit/output/client/[22m[36m_app/immutable/chunks/DxmvwjhD.js                        [39m[1m[2m  2.86 kB[22m[1m[22m[2m Γöé gzip:   1.42 kB[22m
[2m.svelte-kit/output/client/[22m[36m_app/immutable/nodes/1.BxIRdQrK.js                       [39m[1m[2m  2.91 kB[22m[1m[22m[2m Γöé gzip:   1.39 kB[22m
[2m.svelte-kit/output/client/[22m[36m_app/immutable/chunks/CuGuR37l.js                        [39m[1m[2m  2.93 kB[22m[1m[22m[2m Γöé gzip:   1.50 kB[22m
[2m.svelte-kit/output/client/[22m[36m_app/immutable/nodes/6.W329LkXa.js                       [39m[1m[2m  3.16 kB[22m[1m[22m[2m Γöé gzip:   1.59 kB[22m
[2m.svelte-kit/output/client/[22m[36m_app/immutable/nodes/10.CC7DH5WF.js                      [39m[1m[2m  3.27 kB[22m[1m[22m[2m Γöé gzip:   1.46 kB[22m
[2m.svelte-kit/output/client/[22m[36m_app/immutable/nodes/20.DGtmL_Oh.js                      [39m[1m[2m  3.28 kB[22m[1m[22m[2m Γöé gzip:   1.28 kB[22m
[2m.svelte-kit/output/client/[22m[36m_app/immutable/chunks/BmJm6tra.js                        [39m[1m[2m  3.40 kB[22m[1m[22m[2m Γöé gzip:   1.33 kB[22m
[2m.svelte-kit/output/client/[22m[36m_app/immutable/chunks/-nHS8mEJ.js                        [39m[1m[2m  3.72 kB[22m[1m[22m[2m Γöé gzip:   1.83 kB[22m
[2m.svelte-kit/output/client/[22m[36m_app/immutable/chunks/Ds9q3iEz.js                        [39m[1m[2m  3.95 kB[22m[1m[22m[2m Γöé gzip:   1.68 kB[22m
[2m.svelte-kit/output/client/[22m[36m_app/immutable/chunks/Bw6ufCbu.js                        [39m[1m[2m  4.07 kB[22m[1m[22m[2m Γöé gzip:   1.91 kB[22m
[2m.svelte-kit/output/client/[22m[36m_app/immutable/chunks/C4GJsy1E.js                        [39m[1m[2m  4.08 kB[22m[1m[22m[2m Γöé gzip:   1.64 kB[22m
[2m.svelte-kit/output/client/[22m[36m_app/immutable/nodes/16.biLSI-m4.js                      [39m[1m[2m  4.09 kB[22m[1m[22m[2m Γöé gzip:   1.91 kB[22m
[2m.svelte-kit/output/client/[22m[36m_app/immutable/nodes/18.CAsyQC-Q.js                      [39m[1m[2m  4.18 kB[22m[1m[22m[2m Γöé gzip:   1.70 kB[22m
[2m.svelte-kit/output/client/[22m[36m_app/immutable/chunks/BY-EAXqF.js                        [39m[1m[2m  4.26 kB[22m[1m[22m[2m Γöé gzip:   2.00 kB[22m
[2m.svelte-kit/output/client/[22m[36m_app/immutable/nodes/8.DFeYYCtL.js                       [39m[1m[2m  4.89 kB[22m[1m[22m[2m Γöé gzip:   2.35 kB[22m
[2m.svelte-kit/output/client/[22m[36m_app/immutable/nodes/23.DCBDMuUM.js                      [39m[1m[2m  5.00 kB[22m[1m[22m[2m Γöé gzip:   2.13 kB[22m
[2m.svelte-kit/output/client/[22m[36m_app/immutable/nodes/25.C16X3CTx.js                      [39m[1m[2m  5.12 kB[22m[1m[22m[2m Γöé gzip:   2.02 kB[22m
[2m.svelte-kit/output/client/[22m[36m_app/immutable/nodes/22.BM_hlnKq.js                      [39m[1m[2m  5.21 kB[22m[1m[22m[2m Γöé gzip:   2.25 kB[22m
[2m.svelte-kit/output/client/[22m[36m_app/immutable/chunks/CfvFKkWk.js                        [39m[1m[2m  5.60 kB[22m[1m[22m[2m Γöé gzip:   2.07 kB[22m
[2m.svelte-kit/output/client/[22m[36m_app/immutable/nodes/19.WhdHBQeG.js                      [39m[1m[2m  5.81 kB[22m[1m[22m[2m Γöé gzip:   2.18 kB[22m
[2m.svelte-kit/output/client/[22m[36m_app/immutable/nodes/11.72ifFij1.js                      [39m[1m[2m  5.83 kB[22m[1m[22m[2m Γöé gzip:   2.31 kB[22m
[2m.svelte-kit/output/client/[22m[36m_app/immutable/nodes/13.Bqdn5Oq5.js                      [39m[1m[2m  6.72 kB[22m[1m[22m[2m Γöé gzip:   2.85 kB[22m
[2m.svelte-kit/output/client/[22m[36m_app/immutable/chunks/B2b9aAmg.js                        [39m[1m[2m  6.76 kB[22m[1m[22m[2m Γöé gzip:   3.15 kB[22m
[2m.svelte-kit/output/client/[22m[36m_app/immutable/chunks/Clvxj81T.js                        [39m[1m[2m  6.88 kB[22m[1m[22m[2m Γöé gzip:   1.79 kB[22m
[2m.svelte-kit/output/client/[22m[36m_app/immutable/nodes/17.B45Ux_xC.js                      [39m[1m[2m  7.01 kB[22m[1m[22m[2m Γöé gzip:   2.92 kB[22m
[2m.svelte-kit/output/client/[22m[36m_app/immutable/chunks/BbvR3zn9.js                        [39m[1m[2m  7.81 kB[22m[1m[22m[2m Γöé gzip:   3.49 kB[22m
[2m.svelte-kit/output/client/[22m[36m_app/immutable/chunks/D5YsUrYn.js                        [39m[1m[2m  7.82 kB[22m[1m[22m[2m Γöé gzip:   3.15 kB[22m
[2m.svelte-kit/output/client/[22m[36m_app/immutable/nodes/7.BrBgNAy1.js                       [39m[1m[2m  8.51 kB[22m[1m[22m[2m Γöé gzip:   3.59 kB[22m
[2m.svelte-kit/output/client/[22m[36m_app/immutable/chunks/s1hdijk3.js                        [39m[1m[2m  8.58 kB[22m[1m[22m[2m Γöé gzip:   3.09 kB[22m
[2m.svelte-kit/output/client/[22m[36m_app/immutable/nodes/21.B0SphZqj.js                      [39m[1m[2m  8.81 kB[22m[1m[22m[2m Γöé gzip:   3.55 kB[22m
[2m.svelte-kit/output/client/[22m[36m_app/immutable/nodes/15.51hj8i_1.js                      [39m[1m[2m  9.74 kB[22m[1m[22m[2m Γöé gzip:   3.87 kB[22m
[2m.svelte-kit/output/client/[22m[36m_app/immutable/chunks/DFQdouIa.js                        [39m[1m[2m 11.75 kB[22m[1m[22m[2m Γöé gzip:   4.47 kB[22m
[2m.svelte-kit/output/client/[22m[36m_app/immutable/entry/app.DSyzBE2G.js                     [39m[1m[2m 13.47 kB[22m[1m[22m[2m Γöé gzip:   4.51 kB[22m

(!) Some chunks are larger than 500 kB after minification. Consider:
- Using dynamic import() to code-split the application
- Use build.rollupOptions.output.manualChunks to improve chunking: https://rollupjs.org/configuration-options/#output-manualchunks
- Adjust chunk size limit for this warning via build.chunkSizeWarningLimit.
[2m.svelte-kit/output/client/[22m[36m_app/immutable/chunks/Ds1CJ0LE.js                        [39m[1m[2m 13.52 kB[22m[1m[22m[2m Γöé gzip:   5.59 kB[22m
[2m.svelte-kit/output/client/[22m[36m_app/immutable/chunks/B9Wiq0M2.js                        [39m[1m[2m 16.32 kB[22m[1m[22m[2m Γöé gzip:   6.47 kB[22m
[2m.svelte-kit/output/client/[22m[36m_app/immutable/nodes/4.79IVUykH.js                       [39m[1m[2m 17.91 kB[22m[1m[22m[2m Γöé gzip:   6.74 kB[22m
[2m.svelte-kit/output/client/[22m[36m_app/immutable/nodes/24.DIdWdn8f.js                      [39m[1m[2m 20.73 kB[22m[1m[22m[2m Γöé gzip:   7.04 kB[22m
[2m.svelte-kit/output/client/[22m[36m_app/immutable/chunks/CutOR1mi.js                        [39m[1m[2m 24.08 kB[22m[1m[22m[2m Γöé gzip:   8.36 kB[22m
[2m.svelte-kit/output/client/[22m[36m_app/immutable/chunks/BHESJ-M8.js                        [39m[1m[2m 31.03 kB[22m[1m[22m[2m Γöé gzip:  12.01 kB[22m
[2m.svelte-kit/output/client/[22m[36m_app/immutable/chunks/wWwZ1KbL.js                        [39m[1m[2m 34.70 kB[22m[1m[22m[2m Γöé gzip:  11.35 kB[22m
[2m.svelte-kit/output/client/[22m[36m_app/immutable/nodes/12.hA1q8Azx.js                      [39m[1m[2m 35.45 kB[22m[1m[22m[2m Γöé gzip:  11.69 kB[22m
[2m.svelte-kit/output/client/[22m[36m_app/immutable/chunks/Dknsn7gj.js                        [39m[1m[2m 36.23 kB[22m[1m[22m[2m Γöé gzip:  13.79 kB[22m
[2m.svelte-kit/output/client/[22m[36m_app/immutable/nodes/2.Dq0i26wJ.js                       [39m[1m[2m 37.92 kB[22m[1m[22m[2m Γöé gzip:  11.55 kB[22m
[2m.svelte-kit/output/client/[22m[36m_app/immutable/nodes/27.DwhkNYiW.js                      [39m[1m[2m 40.00 kB[22m[1m[22m[2m Γöé gzip:  10.70 kB[22m
[2m.svelte-kit/output/client/[22m[36m_app/immutable/chunks/Cmgv_53t.js                        [39m[1m[2m 69.01 kB[22m[1m[22m[2m Γöé gzip:  18.77 kB[22m
[2m.svelte-kit/output/client/[22m[36m_app/immutable/chunks/Bitg0wlt.js                        [39m[1m[2m104.85 kB[22m[1m[22m[2m Γöé gzip:  30.53 kB[22m
[2m.svelte-kit/output/client/[22m[36m_app/immutable/chunks/1EMDdFiV.js                        [39m[1m[33m518.96 kB[39m[22m[2m Γöé gzip: 154.58 kB[22m
[32mΓ£ô built in 17.71s[39m
`config.kit.csrf.checkOrigin` has been deprecated in favour of `csrf.trustedOrigins`. It will be removed in a future version
The following Vite config options will be overridden by SvelteKit:
  - build.cssCodeSplit
[36mvite v7.3.6 [32mbuilding client environment for production...[36m[39m
transforming...
[32mΓ£ô[39m 2 modules transformed.
rendering chunks...
computing gzip size...
[2m.svelte-kit/output/client/[22m[36mservice-worker.mjs  [39m[1m[2m7.08 kB[22m[1m[22m[2m Γöé gzip: 2.10 kB[22m
[32mΓ£ô built in 26ms[39m
[2m.svelte-kit/output/server/[22m[32m.vite/manifest.json                                                               [39m[1m[2m 60.67 kB[22m[1m[22m
[2m.svelte-kit/output/server/[22m[35m_app/immutable/assets/_page.DsoLRDfi.css                                          [39m[1m[2m  0.03 kB[22m[1m[22m
[2m.svelte-kit/output/server/[22m[35m_app/immutable/assets/_page.BknN3za3.css                                          [39m[1m[2m  0.14 kB[22m[1m[22m
[2m.svelte-kit/output/server/[22m[35m_app/immutable/assets/offline-page.uBKbKZlU.css                                   [39m[1m[2m  0.14 kB[22m[1m[22m
[2m.svelte-kit/output/server/[22m[35m_app/immutable/assets/MediaCard.D6k4YTaE.css                                      [39m[1m[2m  0.22 kB[22m[1m[22m
[2m.svelte-kit/output/server/[22m[35m_app/immutable/assets/FilterPanel.C_-QEdX3.css                                    [39m[1m[2m  0.27 kB[22m[1m[22m
[2m.svelte-kit/output/server/[22m[35m_app/immutable/assets/select-trigger.CV-KWLNP.css                                 [39m[1m[2m  0.29 kB[22m[1m[22m
[2m.svelte-kit/output/server/[22m[35m_app/immutable/assets/AggregatedRating.CKFWtqsG.css                               [39m[1m[2m  0.34 kB[22m[1m[22m
[2m.svelte-kit/output/server/[22m[35m_app/immutable/assets/ThemeToggle.CvjcEmJG.css                                    [39m[1m[2m  0.64 kB[22m[1m[22m
[2m.svelte-kit/output/server/[22m[35m_app/immutable/assets/_error.Bqe1HW-m.css                                         [39m[1m[2m  1.27 kB[22m[1m[22m
[2m.svelte-kit/output/server/[22m[35m_app/immutable/assets/preferencesStore.DkT2713t.css                               [39m[1m[2m  1.40 kB[22m[1m[22m
[2m.svelte-kit/output/server/[22m[35m_app/immutable/assets/MediaScrollContainer.C-jO71kK.css                           [39m[1m[2m  1.42 kB[22m[1m[22m
[2m.svelte-kit/output/server/[22m[35m_app/immutable/assets/_page.CmRlf_HS.css                                          [39m[1m[2m  1.55 kB[22m[1m[22m
[2m.svelte-kit/output/server/[22m[35m_app/immutable/assets/_page.D4Z7pgep.css                                          [39m[1m[2m  2.13 kB[22m[1m[22m
[2m.svelte-kit/output/server/[22m[35m_app/immutable/assets/_page.Cm4_BPc-.css                                          [39m[1m[2m  2.23 kB[22m[1m[22m
[2m.svelte-kit/output/server/[22m[35m_app/immutable/assets/_page.B43mDOQZ.css                                          [39m[1m[2m  2.33 kB[22m[1m[22m
[2m.svelte-kit/output/server/[22m[35m_app/immutable/assets/_page.DpnAtt7n.css                                          [39m[1m[2m  2.33 kB[22m[1m[22m
[2m.svelte-kit/output/server/[22m[35m_app/immutable/assets/_page.CkrKOrJB.css                                          [39m[1m[2m  2.34 kB[22m[1m[22m
[2m.svelte-kit/output/server/[22m[35m_app/immutable/assets/MediaCard.B7wMeWYj.css                                      [39m[1m[2m  2.38 kB[22m[1m[22m
[2m.svelte-kit/output/server/[22m[35m_app/immutable/assets/_page.B7J7ye9S.css                                          [39m[1m[2m  2.94 kB[22m[1m[22m
[2m.svelte-kit/output/server/[22m[35m_app/immutable/assets/_page.CoKrmJQ6.css                                          [39m[1m[2m  3.62 kB[22m[1m[22m
[2m.svelte-kit/output/server/[22m[35m_app/immutable/assets/_page.TnsqTikw.css                                          [39m[1m[2m  3.82 kB[22m[1m[22m
[2m.svelte-kit/output/server/[22m[35m_app/immutable/assets/_page.DLCBHo91.css                                          [39m[1m[2m  4.24 kB[22m[1m[22m
[2m.svelte-kit/output/server/[22m[35m_app/immutable/assets/_page.rrF6sAv5.css                                          [39m[1m[2m  4.30 kB[22m[1m[22m
[2m.svelte-kit/output/server/[22m[35m_app/immutable/assets/_page.CRj6oqTw.css                                          [39m[1m[2m  4.39 kB[22m[1m[22m
[2m.svelte-kit/output/server/[22m[35m_app/immutable/assets/Player.BapNAA51.css                                         [39m[1m[2m  8.02 kB[22m[1m[22m
[2m.svelte-kit/output/server/[22m[35m_app/immutable/assets/_page.DOnGnHA_.css                                          [39m[1m[2m 10.29 kB[22m[1m[22m
[2m.svelte-kit/output/server/[22m[35m_app/immutable/assets/_layout.Cc3zWVOU.css                                        [39m[1m[2m 15.85 kB[22m[1m[22m
[2m.svelte-kit/output/server/[22m[35m_app/immutable/assets/_layout.BFyrEkSz.css                                        [39m[1m[2m152.13 kB[22m[1m[22m
[2m.svelte-kit/output/server/[22m[36mentries/pages/_layout.ts.js                                                       [39m[1m[2m  0.00 kB[22m[1m[22m
[2m.svelte-kit/output/server/[22m[36mentries/pages/(app)/search/_page.ts.js                                            [39m[1m[2m  0.07 kB[22m[1m[22m
[2m.svelte-kit/output/server/[22m[36mchunks/errorStore.js                                                              [39m[1m[2m  0.10 kB[22m[1m[22m
[2m.svelte-kit/output/server/[22m[36mentries/pages/(app)/tv-shows/_page.server.ts.js                                   [39m[1m[2m  0.12 kB[22m[1m[22m
[2m.svelte-kit/output/server/[22m[36mchunks/id.js                                                                      [39m[1m[2m  0.16 kB[22m[1m[22m
[2m.svelte-kit/output/server/[22m[36mentries/fallbacks/layout.svelte.js                                                [39m[1m[2m  0.17 kB[22m[1m[22m
[2m.svelte-kit/output/server/[22m[36mentries/endpoints/api/discover/_server.ts.js                                      [39m[1m[2m  0.19 kB[22m[1m[22m
[2m.svelte-kit/output/server/[22m[36menv.js                                                                            [39m[1m[2m  0.23 kB[22m[1m[22m
[2m.svelte-kit/output/server/[22m[36mentries/pages/(app)/admin/_page.svelte.js                                         [39m[1m[2m  0.24 kB[22m[1m[22m
[2m.svelte-kit/output/server/[22m[36mentries/pages/_layout.server.ts.js                                                [39m[1m[2m  0.26 kB[22m[1m[22m
[2m.svelte-kit/output/server/[22m[36mentries/pages/(app)/admin/_layout.server.ts.js                                    [39m[1m[2m  0.26 kB[22m[1m[22m
[2m.svelte-kit/output/server/[22m[36mentries/endpoints/api/track/_server.ts.js                                         [39m[1m[2m  0.32 kB[22m[1m[22m
[2m.svelte-kit/output/server/[22m[36minternal.js                                                                       [39m[1m[2m  0.36 kB[22m[1m[22m
[2m.svelte-kit/output/server/[22m[36mchunks/index-server.js                                                            [39m[1m[2m  0.39 kB[22m[1m[22m
[2m.svelte-kit/output/server/[22m[36mchunks/logger.js                                                                  [39m[1m[2m  0.40 kB[22m[1m[22m
[2m.svelte-kit/output/server/[22m[36mchunks/index-server2.js                                                           [39m[1m[2m  0.42 kB[22m[1m[22m
[2m.svelte-kit/output/server/[22m[36mentries/endpoints/api/subtitles/_server.ts.js                                     [39m[1m[2m  0.42 kB[22m[1m[22m
[2m.svelte-kit/output/server/[22m[36mentries/pages/(auth)/logout/_page.server.ts.js                                    [39m[1m[2m  0.42 kB[22m[1m[22m
[2m.svelte-kit/output/server/[22m[36mentries/pages/(app)/_page.server.ts.js                                            [39m[1m[2m  0.44 kB[22m[1m[22m
[2m.svelte-kit/output/server/[22m[36mchunks/state.svelte.js                                                            [39m[1m[2m  0.45 kB[22m[1m[22m
[2m.svelte-kit/output/server/[22m[36mentries/endpoints/api/history/add/_server.ts.js                                   [39m[1m[2m  0.46 kB[22m[1m[22m
[2m.svelte-kit/output/server/[22m[36mentries/endpoints/api/tmdb/tv/_id_/credits/_server.ts.js                          [39m[1m[2m  0.47 kB[22m[1m[22m
[2m.svelte-kit/output/server/[22m[36mchunks/slug.js                                                                    [39m[1m[2m  0.48 kB[22m[1m[22m
[2m.svelte-kit/output/server/[22m[36mentries/endpoints/api/tmdb/upcoming/_server.ts.js                                 [39m[1m[2m  0.49 kB[22m[1m[22m
[2m.svelte-kit/output/server/[22m[36mentries/endpoints/api/tmdb/tv/_id_/season/_season_/_server.ts.js                  [39m[1m[2m  0.49 kB[22m[1m[22m
[2m.svelte-kit/output/server/[22m[36mchunks/tmdb.js                                                                    [39m[1m[2m  0.51 kB[22m[1m[22m
[2m.svelte-kit/output/server/[22m[36mentries/endpoints/api/tmdb/tv/_id_/similar/_server.ts.js                          [39m[1m[2m  0.52 kB[22m[1m[22m
[2m.svelte-kit/output/server/[22m[36mentries/endpoints/api/tmdb/_type_/_id_/_server.ts.js                              [39m[1m[2m  0.52 kB[22m[1m[22m
[2m.svelte-kit/output/server/[22m[36mentries/endpoints/api/tmdb/_type_/_id_/credits/_server.ts.js                      [39m[1m[2m  0.55 kB[22m[1m[22m
[2m.svelte-kit/output/server/[22m[36mentries/pages/_layout.svelte.js                                                   [39m[1m[2m  0.56 kB[22m[1m[22m
[2m.svelte-kit/output/server/[22m[36mentries/endpoints/api/tmdb/_type_/_id_/similar/_server.ts.js                      [39m[1m[2m  0.56 kB[22m[1m[22m
[2m.svelte-kit/output/server/[22m[36mentries/endpoints/api/sources/submit/_server.ts.js                                [39m[1m[2m  0.59 kB[22m[1m[22m
[2m.svelte-kit/output/server/[22m[36mentries/endpoints/api/tmdb/popular/_server.ts.js                                  [39m[1m[2m  0.59 kB[22m[1m[22m
[2m.svelte-kit/output/server/[22m[36mentries/endpoints/api/tmdb/top-rated/_server.ts.js                                [39m[1m[2m  0.59 kB[22m[1m[22m
[2m.svelte-kit/output/server/[22m[36mentries/endpoints/api/tmdb/trending/_server.ts.js                                 [39m[1m[2m  0.59 kB[22m[1m[22m
[2m.svelte-kit/output/server/[22m[36mchunks/alert.config.js                                                            [39m[1m[2m  0.60 kB[22m[1m[22m
[2m.svelte-kit/output/server/[22m[36mchunks/features.js                                                                [39m[1m[2m  0.61 kB[22m[1m[22m
[2m.svelte-kit/output/server/[22m[36mentries/endpoints/api/ratings/_server.ts.js                                       [39m[1m[2m  0.61 kB[22m[1m[22m
[2m.svelte-kit/output/server/[22m[36mentries/endpoints/api/tmdb/tv/trending/_server.ts.js                              [39m[1m[2m  0.61 kB[22m[1m[22m
[2m.svelte-kit/output/server/[22m[36mentries/endpoints/api/tmdb/tv/popular/_server.ts.js                               [39m[1m[2m  0.62 kB[22m[1m[22m
[2m.svelte-kit/output/server/[22m[36mentries/endpoints/api/tmdb/tv/top-rated/_server.ts.js                             [39m[1m[2m  0.62 kB[22m[1m[22m
[2m.svelte-kit/output/server/[22m[36mentries/endpoints/api/tmdb/tv/on-the-air/_server.ts.js                            [39m[1m[2m  0.62 kB[22m[1m[22m
[2m.svelte-kit/output/server/[22m[36mchunks/server.js                                                                  [39m[1m[2m  0.62 kB[22m[1m[22m
[2m.svelte-kit/output/server/[22m[36mentries/endpoints/api/home-library/refresh/_server.ts.js                          [39m[1m[2m  0.66 kB[22m[1m[22m
[2m.svelte-kit/output/server/[22m[36mchunks/client2.js                                                                 [39m[1m[2m  0.68 kB[22m[1m[22m
[2m.svelte-kit/output/server/[22m[36mentries/pages/(app)/person/_id_/_page.server.ts.js                                [39m[1m[2m  0.70 kB[22m[1m[22m
[2m.svelte-kit/output/server/[22m[36mentries/endpoints/api/providers/_id_/_server.ts.js                                [39m[1m[2m  0.71 kB[22m[1m[22m
[2m.svelte-kit/output/server/[22m[36mchunks/stores.js                                                                  [39m[1m[2m  0.71 kB[22m[1m[22m
[2m.svelte-kit/output/server/[22m[36mchunks/tmdb.lookup.js                                                             [39m[1m[2m  0.82 kB[22m[1m[22m
[2m.svelte-kit/output/server/[22m[36mentries/pages/(app)/tv/_page.server.ts.js                                         [39m[1m[2m  0.84 kB[22m[1m[22m
[2m.svelte-kit/output/server/[22m[36mentries/pages/(app)/search/_page.server.ts.js                                     [39m[1m[2m  0.86 kB[22m[1m[22m
[2m.svelte-kit/output/server/[22m[36mentries/endpoints/api/recommendations/_server.ts.js                               [39m[1m[2m  0.87 kB[22m[1m[22m
[2m.svelte-kit/output/server/[22m[36mentries/pages/(app)/history/_page.server.ts.js                                    [39m[1m[2m  0.88 kB[22m[1m[22m
[2m.svelte-kit/output/server/[22m[36mchunks/badge.js                                                                   [39m[1m[2m  0.89 kB[22m[1m[22m
[2m.svelte-kit/output/server/[22m[36mentries/pages/(app)/tv/_id_/_season_/_episode_/_page.svelte.js                    [39m[1m[2m  0.89 kB[22m[1m[22m
[2m.svelte-kit/output/server/[22m[36mentries/endpoints/api/hls-proxy/_server.ts.js                                     [39m[1m[2m  0.89 kB[22m[1m[22m
[2m.svelte-kit/output/server/[22m[36mentries/pages/(app)/collection/_slug_/_page.server.ts.js                          [39m[1m[2m  0.89 kB[22m[1m[22m
[2m.svelte-kit/output/server/[22m[36mentries/pages/(app)/explore/_page.server.ts.js                                    [39m[1m[2m  0.90 kB[22m[1m[22m
[2m.svelte-kit/output/server/[22m[36mchunks/mediaFilter.js                                                             [39m[1m[2m  0.92 kB[22m[1m[22m
[2m.svelte-kit/output/server/[22m[36mentries/pages/(app)/genre/_slug_/_page.server.ts.js                               [39m[1m[2m  0.97 kB[22m[1m[22m
[2m.svelte-kit/output/server/[22m[36mentries/pages/(app)/genre/_slug_/_page.svelte.js                                  [39m[1m[2m  0.98 kB[22m[1m[22m
[2m.svelte-kit/output/server/[22m[36mentries/pages/(app)/collection/_slug_/_page.svelte.js                             [39m[1m[2m  1.00 kB[22m[1m[22m
[2m.svelte-kit/output/server/[22m[36mentries/endpoints/(app)/afrikaans/api/discover/_server.ts.js                      [39m[1m[2m  1.03 kB[22m[1m[22m
[2m.svelte-kit/output/server/[22m[36mentries/endpoints/api/search/autocomplete/_server.ts.js                           [39m[1m[2m  1.07 kB[22m[1m[22m
[2m.svelte-kit/output/server/[22m[36mchunks/utils.js                                                                   [39m[1m[2m  1.09 kB[22m[1m[22m
[2m.svelte-kit/output/server/[22m[36mentries/endpoints/api/media/batch/_server.ts.js                                   [39m[1m[2m  1.10 kB[22m[1m[22m
[2m.svelte-kit/output/server/[22m[36mchunks/ThemeToggle.js                                                             [39m[1m[2m  1.17 kB[22m[1m[22m
[2m.svelte-kit/output/server/[22m[36mentries/endpoints/api/tv/_id_/season/_number_/_server.ts.js                       [39m[1m[2m  1.22 kB[22m[1m[22m
[2m.svelte-kit/output/server/[22m[36mchunks/index.js                                                                   [39m[1m[2m  1.25 kB[22m[1m[22m
[2m.svelte-kit/output/server/[22m[36mentries/pages/(app)/tv/_id_/_page.svelte.js                                       [39m[1m[2m  1.31 kB[22m[1m[22m
[2m.svelte-kit/output/server/[22m[36mentries/endpoints/api/stream/tv/_server.ts.js                                     [39m[1m[2m  1.39 kB[22m[1m[22m
[2m.svelte-kit/output/server/[22m[36mchunks/button.js                                                                  [39m[1m[2m  1.45 kB[22m[1m[22m
[2m.svelte-kit/output/server/[22m[36mchunks/chevron-left.js                                                            [39m[1m[2m  1.48 kB[22m[1m[22m
[2m.svelte-kit/output/server/[22m[36mchunks/MediaCard.js                                                               [39m[1m[2m  1.49 kB[22m[1m[22m
[2m.svelte-kit/output/server/[22m[36mchunks/x.js                                                                       [39m[1m[2m  1.49 kB[22m[1m[22m
[2m.svelte-kit/output/server/[22m[36mchunks/tmdb.service.js                                                            [39m[1m[2m  1.54 kB[22m[1m[22m
[2m.svelte-kit/output/server/[22m[36mchunks/index3.js                                                                  [39m[1m[2m  1.55 kB[22m[1m[22m
[2m.svelte-kit/output/server/[22m[36mchunks/search.js                                                                  [39m[1m[2m  1.56 kB[22m[1m[22m
[2m.svelte-kit/output/server/[22m[36mchunks/rotate-cw.js                                                               [39m[1m[2m  1.65 kB[22m[1m[22m
[2m.svelte-kit/output/server/[22m[36mentries/endpoints/api/tmdb/discover/_mediaType_/_server.ts.js                     [39m[1m[2m  1.68 kB[22m[1m[22m
[2m.svelte-kit/output/server/[22m[36mchunks/session-crypto.js                                                          [39m[1m[2m  1.72 kB[22m[1m[22m
[2m.svelte-kit/output/server/[22m[36mchunks/button.config.js                                                           [39m[1m[2m  1.73 kB[22m[1m[22m
[2m.svelte-kit/output/server/[22m[36mentries/endpoints/api/media/top-rated/_server.ts.js                               [39m[1m[2m  1.73 kB[22m[1m[22m
[2m.svelte-kit/output/server/[22m[36mentries/endpoints/api/media/recently-added/_server.ts.js                          [39m[1m[2m  1.75 kB[22m[1m[22m
[2m.svelte-kit/output/server/[22m[36mchunks/circle-alert.js                                                            [39m[1m[2m  1.79 kB[22m[1m[22m
[2m.svelte-kit/output/server/[22m[36mchunks/funnel.js                                                                  [39m[1m[2m  1.81 kB[22m[1m[22m
[2m.svelte-kit/output/server/[22m[36mentries/pages/(app)/genre/movies/_page.server.ts.js                               [39m[1m[2m  1.84 kB[22m[1m[22m
[2m.svelte-kit/output/server/[22m[36mchunks/afrikaans-films.js                                                         [39m[1m[2m  1.86 kB[22m[1m[22m
[2m.svelte-kit/output/server/[22m[36mentries/pages/(app)/movie/_id_/_page.ts.js                                        [39m[1m[2m  1.86 kB[22m[1m[22m
[2m.svelte-kit/output/server/[22m[36mchunks/offline-page.svelte_svelte_type_style_lang.js                              [39m[1m[2m  1.87 kB[22m[1m[22m
[2m.svelte-kit/output/server/[22m[36mentries/pages/(auth)/login/_page.server.ts.js                                     [39m[1m[2m  1.91 kB[22m[1m[22m
[2m.svelte-kit/output/server/[22m[36mentries/endpoints/api/streaming/report-broken/_server.ts.js                       [39m[1m[2m  1.91 kB[22m[1m[22m
[2m.svelte-kit/output/server/[22m[36mchunks/refresh-cw.js                                                              [39m[1m[2m  1.92 kB[22m[1m[22m
[2m.svelte-kit/output/server/[22m[36mchunks/pagination.js                                                              [39m[1m[2m  2.13 kB[22m[1m[22m
[2m.svelte-kit/output/server/[22m[36mchunks/input.js                                                                   [39m[1m[2m  2.18 kB[22m[1m[22m
[2m.svelte-kit/output/server/[22m[36mentries/pages/(app)/movies/_page.ts.js                                            [39m[1m[2m  2.26 kB[22m[1m[22m
[2m.svelte-kit/output/server/[22m[36mchunks/sparkles.js                                                                [39m[1m[2m  2.32 kB[22m[1m[22m
[2m.svelte-kit/output/server/[22m[36mentries/endpoints/api/images/_...path_/_server.ts.js                              [39m[1m[2m  2.32 kB[22m[1m[22m
[2m.svelte-kit/output/server/[22m[36mentries/pages/(app)/afrikaans/_page.ts.js                                         [39m[1m[2m  2.34 kB[22m[1m[22m
[2m.svelte-kit/output/server/[22m[36mchunks/card-title.js                                                              [39m[1m[2m  2.36 kB[22m[1m[22m
[2m.svelte-kit/output/server/[22m[36mchunks/Slider.js                                                                  [39m[1m[2m  2.40 kB[22m[1m[22m
[2m.svelte-kit/output/server/[22m[36mentries/pages/(app)/profile/_page.server.ts.js                                    [39m[1m[2m  2.44 kB[22m[1m[22m
[2m.svelte-kit/output/server/[22m[36mentries/endpoints/api/search/people/_server.ts.js                                 [39m[1m[2m  2.48 kB[22m[1m[22m
[2m.svelte-kit/output/server/[22m[36mentries/endpoints/api/stream-proxy/_...path_/_server.ts.js                        [39m[1m[2m  2.49 kB[22m[1m[22m
[2m.svelte-kit/output/server/[22m[36mentries/endpoints/api/search/enhanced/_server.ts.js                               [39m[1m[2m  2.57 kB[22m[1m[22m
[2m.svelte-kit/output/server/[22m[36mchunks/index4.js                                                                  [39m[1m[2m  2.60 kB[22m[1m[22m
[2m.svelte-kit/output/server/[22m[36mentries/pages/(app)/tv/_id_/_page.ts.js                                           [39m[1m[2m  2.60 kB[22m[1m[22m
[2m.svelte-kit/output/server/[22m[36mchunks/badge.config.js                                                            [39m[1m[2m  2.60 kB[22m[1m[22m
[2m.svelte-kit/output/server/[22m[36mchunks/CarouselContainer.js                                                       [39m[1m[2m  2.64 kB[22m[1m[22m
[2m.svelte-kit/output/server/[22m[36mentries/endpoints/sitemap.xml/_server.ts.js                                       [39m[1m[2m  2.65 kB[22m[1m[22m
[2m.svelte-kit/output/server/[22m[36mentries/pages/(auth)/login/_page.svelte.js                                        [39m[1m[2m  2.68 kB[22m[1m[22m
[2m.svelte-kit/output/server/[22m[36mentries/endpoints/api/resolve-provider/_server.ts.js                              [39m[1m[2m  2.70 kB[22m[1m[22m
[2m.svelte-kit/output/server/[22m[36mentries/pages/(auth)/signup/_page.server.ts.js                                    [39m[1m[2m  2.77 kB[22m[1m[22m
[2m.svelte-kit/output/server/[22m[36mentries/pages/(auth)/signup/_page.svelte.js                                       [39m[1m[2m  2.85 kB[22m[1m[22m
[2m.svelte-kit/output/server/[22m[36mentries/endpoints/api/history/_server.ts.js                                       [39m[1m[2m  2.86 kB[22m[1m[22m
[2m.svelte-kit/output/server/[22m[36mentries/pages/(app)/movie/_id_/_page.svelte.js                                    [39m[1m[2m  2.88 kB[22m[1m[22m
[2m.svelte-kit/output/server/[22m[36mentries/pages/(app)/admin/features/_page.svelte.js                                [39m[1m[2m  2.94 kB[22m[1m[22m
[2m.svelte-kit/output/server/[22m[36mentries/endpoints/api/search/unified/_server.ts.js                                [39m[1m[2m  3.04 kB[22m[1m[22m
[2m.svelte-kit/output/server/[22m[36mentries/endpoints/api/auto-scan/_server.ts.js                                     [39m[1m[2m  3.15 kB[22m[1m[22m
[2m.svelte-kit/output/server/[22m[36mentries/pages/(app)/afrikaans/_id_/_page.svelte.js                                [39m[1m[2m  3.20 kB[22m[1m[22m
[2m.svelte-kit/output/server/[22m[36mentries/pages/_error.svelte.js                                                    [39m[1m[2m  3.24 kB[22m[1m[22m
[2m.svelte-kit/output/server/[22m[36mentries/pages/(app)/disclaimer/_page.svelte.js                                    [39m[1m[2m  3.30 kB[22m[1m[22m
[2m.svelte-kit/output/server/[22m[36mentries/pages/(app)/afrikaans/_id_/_page.ts.js                                    [39m[1m[2m  3.56 kB[22m[1m[22m
[2m.svelte-kit/output/server/[22m[36mchunks/check.js                                                                   [39m[1m[2m  3.56 kB[22m[1m[22m
[2m.svelte-kit/output/server/[22m[36mentries/pages/(app)/profile/edit/_page.server.ts.js                               [39m[1m[2m  3.57 kB[22m[1m[22m
[2m.svelte-kit/output/server/[22m[36mentries/pages/(app)/tv/_id_/_page.server.ts.js                                    [39m[1m[2m  3.66 kB[22m[1m[22m
[2m.svelte-kit/output/server/[22m[36mentries/endpoints/api/tv/_id_/_server.ts.js                                       [39m[1m[2m  3.69 kB[22m[1m[22m
[2m.svelte-kit/output/server/[22m[36mentries/endpoints/api/playback/progress/_server.ts.js                             [39m[1m[2m  3.71 kB[22m[1m[22m
[2m.svelte-kit/output/server/[22m[36mentries/pages/(app)/profile/edit/_page.svelte.js                                  [39m[1m[2m  3.85 kB[22m[1m[22m
[2m.svelte-kit/output/server/[22m[36mentries/endpoints/api/search/movies-by-people/_server.ts.js                       [39m[1m[2m  3.97 kB[22m[1m[22m
[2m.svelte-kit/output/server/[22m[36mchunks/playback-progress.repository.js                                            [39m[1m[2m  3.98 kB[22m[1m[22m
[2m.svelte-kit/output/server/[22m[36mchunks/tmdb.lists.js                                                              [39m[1m[2m  4.00 kB[22m[1m[22m
[2m.svelte-kit/output/server/[22m[36mchunks/separator.js                                                               [39m[1m[2m  4.01 kB[22m[1m[22m
[2m.svelte-kit/output/server/[22m[36mchunks/env.js                                                                     [39m[1m[2m  4.12 kB[22m[1m[22m
[2m.svelte-kit/output/server/[22m[36mchunks/MediaScrollContainer.js                                                    [39m[1m[2m  4.18 kB[22m[1m[22m
[2m.svelte-kit/output/server/[22m[36mentries/endpoints/api/streaming/_server.ts.js                                     [39m[1m[2m  4.50 kB[22m[1m[22m
[2m.svelte-kit/output/server/[22m[36mentries/endpoints/api/search/history/_server.ts.js                                [39m[1m[2m  4.51 kB[22m[1m[22m
[2m.svelte-kit/output/server/[22m[36mentries/endpoints/api/tv/_tmdbId_/status/_server.ts.js                            [39m[1m[2m  4.52 kB[22m[1m[22m
[2m.svelte-kit/output/server/[22m[36mchunks/SEOHead.js                                                                 [39m[1m[2m  4.84 kB[22m[1m[22m
[2m.svelte-kit/output/server/[22m[36mentries/pages/(app)/movies/_page.svelte.js                                        [39m[1m[2m  5.14 kB[22m[1m[22m
[2m.svelte-kit/output/server/[22m[36mentries/pages/(app)/person/_id_/_page.svelte.js                                   [39m[1m[2m  5.16 kB[22m[1m[22m
[2m.svelte-kit/output/server/[22m[36mentries/endpoints/api/tv/_tmdbId_/episode/_episodeNumber_/progress/_server.ts.js  [39m[1m[2m  5.20 kB[22m[1m[22m
[2m.svelte-kit/output/server/[22m[36mentries/endpoints/api/search/_server.ts.js                                        [39m[1m[2m  5.21 kB[22m[1m[22m
[2m.svelte-kit/output/server/[22m[36mchunks/cache.js                                                                   [39m[1m[2m  5.24 kB[22m[1m[22m
[2m.svelte-kit/output/server/[22m[36mchunks/filterUrl.js                                                               [39m[1m[2m  5.27 kB[22m[1m[22m
[2m.svelte-kit/output/server/[22m[36mchunks/exports.js                                                                 [39m[1m[2m  5.59 kB[22m[1m[22m
[2m.svelte-kit/output/server/[22m[36mentries/pages/(app)/settings/_page.svelte.js                                      [39m[1m[2m  5.59 kB[22m[1m[22m
[2m.svelte-kit/output/server/[22m[36mentries/endpoints/api/watchlist/_server.ts.js                                     [39m[1m[2m  5.69 kB[22m[1m[22m
[2m.svelte-kit/output/server/[22m[36mentries/pages/(app)/tv/_page.svelte.js                                            [39m[1m[2m  5.77 kB[22m[1m[22m
[2m.svelte-kit/output/server/[22m[36mchunks/person-sync.service.js                                                     [39m[1m[2m  5.78 kB[22m[1m[22m
[2m.svelte-kit/output/server/[22m[36mchunks/tmdb.people.js                                                             [39m[1m[2m  6.06 kB[22m[1m[22m
[2m.svelte-kit/output/server/[22m[36mchunks/mutations.js                                                               [39m[1m[2m  6.24 kB[22m[1m[22m
[2m.svelte-kit/output/server/[22m[36mentries/hooks.server.js                                                           [39m[1m[2m  6.31 kB[22m[1m[22m
[2m.svelte-kit/output/server/[22m[36mentries/pages/(app)/profile/_page.svelte.js                                       [39m[1m[2m  6.44 kB[22m[1m[22m
[2m.svelte-kit/output/server/[22m[36mentries/pages/(app)/afrikaans/_page.svelte.js                                     [39m[1m[2m  6.44 kB[22m[1m[22m
[2m.svelte-kit/output/server/[22m[36mentries/pages/(app)/genre/movies/_page.svelte.js                                  [39m[1m[2m  6.64 kB[22m[1m[22m
[2m.svelte-kit/output/server/[22m[36mchunks/internal.js                                                                [39m[1m[2m  6.86 kB[22m[1m[22m
[2m.svelte-kit/output/server/[22m[36mchunks/theme.js                                                                   [39m[1m[2m  6.96 kB[22m[1m[22m
[2m.svelte-kit/output/server/[22m[36mchunks/person.repository.js                                                       [39m[1m[2m  7.17 kB[22m[1m[22m
[2m.svelte-kit/output/server/[22m[36mchunks/historyStore.svelte.js                                                     [39m[1m[2m  7.18 kB[22m[1m[22m
[2m.svelte-kit/output/server/[22m[36mentries/pages/(app)/search/_page.svelte.js                                        [39m[1m[2m  7.20 kB[22m[1m[22m
[2m.svelte-kit/output/server/[22m[36mentries/endpoints/api/providers/scan/_server.ts.js                                [39m[1m[2m  7.72 kB[22m[1m[22m
[2m.svelte-kit/output/server/[22m[36mentries/pages/offline/_page.svelte.js                                             [39m[1m[2m  9.04 kB[22m[1m[22m
[2m.svelte-kit/output/server/[22m[36mentries/pages/(app)/explore/_slug_/_page.server.ts.js                             [39m[1m[2m  9.83 kB[22m[1m[22m
[2m.svelte-kit/output/server/[22m[36mchunks/MovieInfo.js                                                               [39m[1m[2m  9.91 kB[22m[1m[22m
[2m.svelte-kit/output/server/[22m[36mchunks/csrf.js                                                                    [39m[1m[2m 10.17 kB[22m[1m[22m
[2m.svelte-kit/output/server/[22m[36mentries/endpoints/api/media/_id_/_server.ts.js                                    [39m[1m[2m 10.24 kB[22m[1m[22m
[2m.svelte-kit/output/server/[22m[36mchunks/watchlistStore.svelte.js                                                   [39m[1m[2m 10.38 kB[22m[1m[22m
[2m.svelte-kit/output/server/[22m[36mchunks/create-id.js                                                               [39m[1m[2m 12.15 kB[22m[1m[22m
[2m.svelte-kit/output/server/[22m[36mchunks/MediaCard2.js                                                              [39m[1m[2m 12.16 kB[22m[1m[22m
[2m.svelte-kit/output/server/[22m[36mchunks/tmdb.details.js                                                            [39m[1m[2m 12.74 kB[22m[1m[22m
[2m.svelte-kit/output/server/[22m[36mchunks/preferencesStore.js                                                        [39m[1m[2m 12.80 kB[22m[1m[22m
[2m.svelte-kit/output/server/[22m[36mchunks/tv-show.repository.js                                                      [39m[1m[2m 13.24 kB[22m[1m[22m
[2m.svelte-kit/output/server/[22m[36mentries/pages/(app)/explore/_page.svelte.js                                       [39m[1m[2m 13.72 kB[22m[1m[22m
[2m.svelte-kit/output/server/[22m[36mchunks/tmdb.client.js                                                             [39m[1m[2m 14.11 kB[22m[1m[22m
[2m.svelte-kit/output/server/[22m[36mentries/pages/(app)/history/_page.svelte.js                                       [39m[1m[2m 17.84 kB[22m[1m[22m
[2m.svelte-kit/output/server/[22m[36mchunks/search.service.js                                                          [39m[1m[2m 18.12 kB[22m[1m[22m
[2m.svelte-kit/output/server/[22m[36mchunks/library.service.js                                                         [39m[1m[2m 20.26 kB[22m[1m[22m
[2m.svelte-kit/output/server/[22m[36mchunks/FilterPanel.svelte_svelte_type_style_lang.js                               [39m[1m[2m 21.74 kB[22m[1m[22m
[2m.svelte-kit/output/server/[22m[36mentries/pages/(app)/_page.svelte.js                                               [39m[1m[2m 23.19 kB[22m[1m[22m
[2m.svelte-kit/output/server/[22m[36mchunks/streaming.service.js                                                       [39m[1m[2m 31.53 kB[22m[1m[22m
[2m.svelte-kit/output/server/[22m[36mchunks/root.js                                                                    [39m[1m[2m 31.83 kB[22m[1m[22m
[2m.svelte-kit/output/server/[22m[36mchunks/utils2.js                                                                  [39m[1m[2m 34.21 kB[22m[1m[22m
[2m.svelte-kit/output/server/[22m[36mchunks/client.js                                                                  [39m[1m[2m 34.50 kB[22m[1m[22m
[2m.svelte-kit/output/server/[22m[36mremote-entry.js                                                                   [39m[1m[2m 36.81 kB[22m[1m[22m
[2m.svelte-kit/output/server/[22m[36mentries/pages/(app)/_layout.svelte.js                                             [39m[1m[2m 39.19 kB[22m[1m[22m
[2m.svelte-kit/output/server/[22m[36mchunks/validation.js                                                              [39m[1m[2m 40.83 kB[22m[1m[22m
[2m.svelte-kit/output/server/[22m[36mentries/pages/(app)/explore/_slug_/_page.svelte.js                                [39m[1m[2m 77.21 kB[22m[1m[22m
[2m.svelte-kit/output/server/[22m[36mentries/pages/(app)/watchlist/_page.svelte.js                                     [39m[1m[2m 79.30 kB[22m[1m[22m
[2m.svelte-kit/output/server/[22m[36mchunks/index2.js                                                                  [39m[1m[2m102.67 kB[22m[1m[22m
[2m.svelte-kit/output/server/[22m[36mindex.js                                                                          [39m[1m[2m130.96 kB[22m[1m[22m
[2m.svelte-kit/output/server/[22m[36mchunks/select-trigger.js                                                          [39m[1m[2m139.70 kB[22m[1m[22m
[32mΓ£ô built in 59.16s[39m

Run npm run preview to preview your production build locally.

> Using @sveltejs/adapter-vercel
  Warning: The following modules failed to locate dependencies that may (or may not) be required for your app to work:
  node_modules\@node-rs\argon2\index.js
    - C:\Users\bezui\Downloads\Test site thing\node_modules\@node-rs\argon2\argon2.android-arm64.node
    - C:\Users\bezui\Downloads\Test site thing\node_modules\@node-rs\argon2\argon2.android-arm-eabi.node
    - C:\Users\bezui\Downloads\Test site thing\node_modules\@node-rs\argon2\argon2.win32-x64-msvc.node
    - C:\Users\bezui\Downloads\Test site thing\node_modules\@node-rs\argon2\argon2.win32-ia32-msvc.node
    - C:\Users\bezui\Downloads\Test site thing\node_modules\@node-rs\argon2\argon2.win32-arm64-msvc.node
    - C:\Users\bezui\Downloads\Test site thing\node_modules\@node-rs\argon2\argon2.darwin-universal.node
    - C:\Users\bezui\Downloads\Test site thing\node_modules\@node-rs\argon2\argon2.darwin-x64.node
    - C:\Users\bezui\Downloads\Test site thing\node_modules\@node-rs\argon2\argon2.darwin-arm64.node
    - C:\Users\bezui\Downloads\Test site thing\node_modules\@node-rs\argon2\argon2.freebsd-arm64.node
    - C:\Users\bezui\Downloads\Test site thing\node_modules\@node-rs\argon2\argon2.linux-x64-musl.node
    - C:\Users\bezui\Downloads\Test site thing\node_modules\@node-rs\argon2\argon2.linux-x64-gnu.node
    - C:\Users\bezui\Downloads\Test site thing\node_modules\@node-rs\argon2\argon2.linux-arm64-musl.node
    - C:\Users\bezui\Downloads\Test site thing\node_modules\@node-rs\argon2\argon2.linux-arm64-gnu.node
    - C:\Users\bezui\Downloads\Test site thing\node_modules\@node-rs\argon2\argon2.linux-arm-musleabihf.node
    - C:\Users\bezui\Downloads\Test site thing\node_modules\@node-rs\argon2\argon2.freebsd-x64.node
    - C:\Users\bezui\Downloads\Test site thing\node_modules\@node-rs\argon2\argon2.linux-arm-gnueabihf.node
    - C:\Users\bezui\Downloads\Test site thing\node_modules\@node-rs\argon2\argon2.linux-riscv64-gnu.node
    - C:\Users\bezui\Downloads\Test site thing\node_modules\@node-rs\argon2\argon2.linux-ppc64-gnu.node
    - C:\Users\bezui\Downloads\Test site thing\node_modules\@node-rs\argon2\argon2.linux-s390x-gnu.node
    - C:\Users\bezui\Downloads\Test site thing\node_modules\@node-rs\argon2\argon2.linux-riscv64-musl.node
    - C:\Users\bezui\Downloads\Test site thing\node_modules\@node-rs\argon2\argon2.wasi.cjs
    - @node-rs/argon2-android-arm-eabi
    - @node-rs/argon2-win32-ia32-msvc
    - @node-rs/argon2-android-arm64
    - @node-rs/argon2-win32-arm64-msvc
    - @node-rs/argon2-darwin-universal
    - @node-rs/argon2-darwin-arm64
    - @node-rs/argon2-darwin-x64
    - @node-rs/argon2-freebsd-x64
    - @node-rs/argon2-freebsd-arm64
    - @node-rs/argon2-linux-x64-musl
    - @node-rs/argon2-linux-arm64-musl
    - @node-rs/argon2-linux-x64-gnu
    - @node-rs/argon2-linux-arm64-gnu
    - @node-rs/argon2-linux-arm-musleabihf
    - @node-rs/argon2-linux-arm-gnueabihf
    - @node-rs/argon2-linux-riscv64-musl
    - @node-rs/argon2-linux-ppc64-gnu
    - @node-rs/argon2-linux-s390x-gnu
    - @node-rs/argon2-wasm32-wasi
    - @node-rs/argon2-linux-riscv64-gnu
  node_modules\libsql\index.js
    - @libsql/linux-x64-gnu
  node_modules\@neon-rs\load\dist\index.js
    - \index.node
  node_modules\ws\lib\validation.js
    - utf-8-validate
  node_modules\ws\lib\buffer-util.js
    - bufferutil
  Γ£ö done
